,f1,f1_id,f1_static,f1_value,f2,f2_id,f2_static,f2_value
0,[*]c1ccc2c(c1)OCc1ccccc1C2=O,CHEMBL2177221,[*]Nc1cc(NC(=O)c2ccccc2)ccc1C,7.76955107862,[*]c1ccc2c(c1)CCCCC2=O,CHEMBL2177217,[*]Nc1cc(NC(=O)c2ccccc2)ccc1C,7.85387196432
1,[*]c1ccc2c(c1)OCc1ccccc1C2=O,CHEMBL2177221,[*]Nc1cc(NC(=O)c2ccccc2)ccc1C,7.76955107862,[*]c1ccc2c(c1)CCc1ccccc1C2=O,CHEMBL2177212,[*]Nc1cc(NC(=O)c2ccccc2)ccc1C,7.45593195565
2,[*]c1ccc2c(c1)CCCCC2=O,CHEMBL2177217,[*]Nc1cc(NC(=O)c2ccccc2)ccc1C,7.85387196432,[*]c1ccc2c(c1)OCc1ccccc1C2=O,CHEMBL2177221,[*]Nc1cc(NC(=O)c2ccccc2)ccc1C,7.76955107862
3,[*]c1ccc2c(c1)CCCCC2=O,CHEMBL2177217,[*]Nc1cc(NC(=O)c2ccccc2)ccc1C,7.85387196432,[*]c1ccc2c(c1)CCc1ccccc1C2=O,CHEMBL2177212,[*]Nc1cc(NC(=O)c2ccccc2)ccc1C,7.45593195565
4,[*]c1ccc2c(c1)CCc1ccccc1C2=O,CHEMBL2177212,[*]Nc1cc(NC(=O)c2ccccc2)ccc1C,7.45593195565,[*]c1ccc2c(c1)OCc1ccccc1C2=O,CHEMBL2177221,[*]Nc1cc(NC(=O)c2ccccc2)ccc1C,7.76955107862
5,[*]c1ccc2c(c1)CCc1ccccc1C2=O,CHEMBL2177212,[*]Nc1cc(NC(=O)c2ccccc2)ccc1C,7.45593195565,[*]c1ccc2c(c1)CCCCC2=O,CHEMBL2177217,[*]Nc1cc(NC(=O)c2ccccc2)ccc1C,7.85387196432
448,[*]c1ccc2c(c1)CCCCC2=O,CHEMBL2182085,[*]Nc1cc(NC(=O)c2ccsc2)c(F)cc1C,8.52287874528,[*]c1ccc2c(c1)OCc1ccccc1C2=O,CHEMBL2182090,[*]Nc1cc(NC(=O)c2ccsc2)c(F)cc1C,7.92081875395
449,[*]c1ccc2c(c1)OCc1ccccc1C2=O,CHEMBL2182090,[*]Nc1cc(NC(=O)c2ccsc2)c(F)cc1C,7.92081875395,[*]c1ccc2c(c1)CCCCC2=O,CHEMBL2182085,[*]Nc1cc(NC(=O)c2ccsc2)c(F)cc1C,8.52287874528
450,[*]c1cc2cnn([*])c2n(C)c1=O,CHEMBL1093461,[*]c1c(F)cccc1F.[*]c1cc(C(=O)O)ccc1C,6.03810452633,[*]c1cc2cnnc([*])c2n(C)c1=O,CHEMBL1253812,[*]c1cc(C(=O)O)ccc1C.[*]c1ccc(F)cc1F,6
451,[*]c1cc2cnnc([*])c2n(C)c1=O,CHEMBL1253812,[*]c1cc(C(=O)O)ccc1C.[*]c1ccc(F)cc1F,6,[*]c1cc2cnn([*])c2n(C)c1=O,CHEMBL1093461,[*]c1c(F)cccc1F.[*]c1cc(C(=O)O)ccc1C,6.03810452633
982,[*]c1cc2cnnc([*])c2n(C)c1=O,CHEMBL1254074,[*]Nc1ccc(F)cc1.[*]c1ccc(F)cc1F,8.65757731918,[*]c1cc(=O)n(C)c2c1cnn2[*],CHEMBL550596,[*]Nc1ccc(F)cc1.[*]c1c(F)cccc1F,6
983,[*]c1cc(=O)n(C)c2c1cnn2[*],CHEMBL550596,[*]Nc1ccc(F)cc1.[*]c1c(F)cccc1F,6,[*]c1cc2cnnc([*])c2n(C)c1=O,CHEMBL1254074,[*]Nc1ccc(F)cc1.[*]c1ccc(F)cc1F,8.65757731918
1022,[*]c1cc2cnn([*])c2n(C)c1=O,CHEMBL1092011,[*]c1c(F)cccc1F.[*]c1cc(C(=O)NC2(C)CC2)ccc1C,8.46852108296,[*]c1cc2cnnc([*])c2n(C)c1=O,CHEMBL1254988,[*]c1cc(C(=O)NC2(C)CC2)ccc1C.[*]c1ccc(F)cc1F,8.50863830617
1023,[*]c1cc2cnnc([*])c2n(C)c1=O,CHEMBL1254988,[*]c1cc(C(=O)NC2(C)CC2)ccc1C.[*]c1ccc(F)cc1F,8.50863830617,[*]c1cc2cnn([*])c2n(C)c1=O,CHEMBL1092011,[*]c1c(F)cccc1F.[*]c1cc(C(=O)NC2(C)CC2)ccc1C,8.46852108296
1068,[*]c1cc2cnn([*])c2n(C)c1=O,CHEMBL1091929,[*]c1c(F)cccc1F.[*]c1cc(C(=O)NC2CC2)cc(F)c1C,8.79588001734,[*]c1cc2nnc([*])n2n(C)c1=O,CHEMBL1945720,[*]c1c(F)cccc1F.[*]c1cc(C(=O)NC2CC2)cc(F)c1C,7.7328282716
1069,[*]c1cc2cnn([*])c2n(C)c1=O,CHEMBL1091929,[*]c1c(F)cccc1F.[*]c1cc(C(=O)NC2CC2)cc(F)c1C,8.79588001734,[*]c1cc2cnnc([*])c2n(C)c1=O,CHEMBL1254901,[*]c1cc(C(=O)NC2CC2)cc(F)c1C.[*]c1ccc(F)cc1F,8.85387196432
1070,[*]c1cc2nnc([*])n2n(C)c1=O,CHEMBL1945720,[*]c1c(F)cccc1F.[*]c1cc(C(=O)NC2CC2)cc(F)c1C,7.7328282716,[*]c1cc2cnn([*])c2n(C)c1=O,CHEMBL1091929,[*]c1c(F)cccc1F.[*]c1cc(C(=O)NC2CC2)cc(F)c1C,8.79588001734
1071,[*]c1cc2nnc([*])n2n(C)c1=O,CHEMBL1945720,[*]c1c(F)cccc1F.[*]c1cc(C(=O)NC2CC2)cc(F)c1C,7.7328282716,[*]c1cc2cnnc([*])c2n(C)c1=O,CHEMBL1254901,[*]c1cc(C(=O)NC2CC2)cc(F)c1C.[*]c1ccc(F)cc1F,8.85387196432
1072,[*]c1cc2cnnc([*])c2n(C)c1=O,CHEMBL1254901,[*]c1cc(C(=O)NC2CC2)cc(F)c1C.[*]c1ccc(F)cc1F,8.85387196432,[*]c1cc2cnn([*])c2n(C)c1=O,CHEMBL1091929,[*]c1c(F)cccc1F.[*]c1cc(C(=O)NC2CC2)cc(F)c1C,8.79588001734
1073,[*]c1cc2cnnc([*])c2n(C)c1=O,CHEMBL1254901,[*]c1cc(C(=O)NC2CC2)cc(F)c1C.[*]c1ccc(F)cc1F,8.85387196432,[*]c1cc2nnc([*])n2n(C)c1=O,CHEMBL1945720,[*]c1c(F)cccc1F.[*]c1cc(C(=O)NC2CC2)cc(F)c1C,7.7328282716
1346,[*]c1cc2cnn([*])c2n([*])c1=O,CHEMBL1089866,[*]CC.[*]c1cc(C(=O)NC2CC2)ccc1C.[*]c1ccc(F)cc1F,8.92081875395,[*]c1cc2nnc([*])n2n([*])c1=O,CHEMBL1945722,[*]CC.[*]c1c(F)cccc1F.[*]c1cc(C(=O)NC2CC2)ccc1C,8.10790539731
1347,[*]c1cc2nnc([*])n2n([*])c1=O,CHEMBL1945722,[*]CC.[*]c1c(F)cccc1F.[*]c1cc(C(=O)NC2CC2)ccc1C,8.10790539731,[*]c1cc2cnn([*])c2n([*])c1=O,CHEMBL1089866,[*]CC.[*]c1cc(C(=O)NC2CC2)ccc1C.[*]c1ccc(F)cc1F,8.92081875395
1362,[*]c1ccc2c(c1)CCCCC2=O,CHEMBL2182094,[*]Nc1cc(C(=O)Nc2cccc(C(C)(C)C)c2)ccc1C,7,[*]c1ccc2c(c1)CCc1ccccc1C2=O,CHEMBL2177228,[*]Nc1cc(C(=O)Nc2cccc(C(C)(C)C)c2)ccc1C,5.82390874094
1363,[*]c1ccc2c(c1)CCc1ccccc1C2=O,CHEMBL2177228,[*]Nc1cc(C(=O)Nc2cccc(C(C)(C)C)c2)ccc1C,5.82390874094,[*]c1ccc2c(c1)CCCCC2=O,CHEMBL2182094,[*]Nc1cc(C(=O)Nc2cccc(C(C)(C)C)c2)ccc1C,7
1388,[*]c1cc2c(cc1Cl)C1(CCCC1)C(=O)N2,CHEMBL1800915,[*]c1cccc(C(=O)NC2CC2)c1,8.09691001301,[*]c1ccc2c(c1)NC(=O)C21CCCC1,CHEMBL1800914,[*]c1cccc(C(=O)NC2CC2)c1,6.88605664769
1389,[*]c1ccc2c(c1)NC(=O)C21CCCC1,CHEMBL1800914,[*]c1cccc(C(=O)NC2CC2)c1,6.88605664769,[*]c1cc2c(cc1Cl)C1(CCCC1)C(=O)N2,CHEMBL1800915,[*]c1cccc(C(=O)NC2CC2)c1,8.09691001301
1430,[*]c1cc2cnn([*])c2n(C)c1=O,CHEMBL1093461,[*]c1c(F)cccc1F.[*]c1cc(C(=O)O)ccc1C,6.03810452633,[*]c1cc2cnnc([*])c2n(C)c1=O,CHEMBL1253812,[*]c1cc(C(=O)O)ccc1C.[*]c1ccc(F)cc1F,6
1431,[*]c1cc2cnnc([*])c2n(C)c1=O,CHEMBL1253812,[*]c1cc(C(=O)O)ccc1C.[*]c1ccc(F)cc1F,6,[*]c1cc2cnn([*])c2n(C)c1=O,CHEMBL1093461,[*]c1c(F)cccc1F.[*]c1cc(C(=O)O)ccc1C,6.03810452633
1436,[*]c1ccc2c(c1)OCc1ccccc1C2=O,CHEMBL2177224,[*]Nc1ccc(F)c(NC(=O)c2ccccc2)c1,7.69897000434,[*]c1ccc2c(c1)CCc1ccccc1C2=O,CHEMBL2177215,[*]Nc1ccc(F)c(NC(=O)c2ccccc2)c1,8.30102999566
1437,[*]c1ccc2c(c1)OCc1ccccc1C2=O,CHEMBL2177224,[*]Nc1ccc(F)c(NC(=O)c2ccccc2)c1,7.69897000434,[*]c1ccc2c(c1)CCCCC2=O,CHEMBL2177219,[*]Nc1ccc(F)c(NC(=O)c2ccccc2)c1,7.45593195565
1438,[*]c1ccc2c(c1)CCc1ccccc1C2=O,CHEMBL2177215,[*]Nc1ccc(F)c(NC(=O)c2ccccc2)c1,8.30102999566,[*]c1ccc2c(c1)OCc1ccccc1C2=O,CHEMBL2177224,[*]Nc1ccc(F)c(NC(=O)c2ccccc2)c1,7.69897000434
1439,[*]c1ccc2c(c1)CCc1ccccc1C2=O,CHEMBL2177215,[*]Nc1ccc(F)c(NC(=O)c2ccccc2)c1,8.30102999566,[*]c1ccc2c(c1)CCCCC2=O,CHEMBL2177219,[*]Nc1ccc(F)c(NC(=O)c2ccccc2)c1,7.45593195565
1440,[*]c1ccc2c(c1)CCCCC2=O,CHEMBL2177219,[*]Nc1ccc(F)c(NC(=O)c2ccccc2)c1,7.45593195565,[*]c1ccc2c(c1)OCc1ccccc1C2=O,CHEMBL2177224,[*]Nc1ccc(F)c(NC(=O)c2ccccc2)c1,7.69897000434
1441,[*]c1ccc2c(c1)CCCCC2=O,CHEMBL2177219,[*]Nc1ccc(F)c(NC(=O)c2ccccc2)c1,7.45593195565,[*]c1ccc2c(c1)CCc1ccccc1C2=O,CHEMBL2177215,[*]Nc1ccc(F)c(NC(=O)c2ccccc2)c1,8.30102999566
1538,[*]c1ccc2c(c1)CCc1ccccc1C2=O,CHEMBL2182101,[*]Nc1cccc(NC(=O)c2ccc(F)cc2)c1,7.39794000867,[*]c1ccc2c(c1)CCCCC2=O,CHEMBL2177206,[*]Nc1cccc(NC(=O)c2ccc(F)cc2)c1,6.88605664769
1539,[*]c1ccc2c(c1)CCCCC2=O,CHEMBL2177206,[*]Nc1cccc(NC(=O)c2ccc(F)cc2)c1,6.88605664769,[*]c1ccc2c(c1)CCc1ccccc1C2=O,CHEMBL2182101,[*]Nc1cccc(NC(=O)c2ccc(F)cc2)c1,7.39794000867
2942,[*]c1ccc2c(c1)NC(=O)C21CCOCC1,CHEMBL1825148,[*]c1cc(C(=O)Nc2ccon2)ccc1C,10.0457574906,[*]c1ccc2c(c1)NC(=O)C21CCC(F)(F)CC1,CHEMBL1825154,[*]c1cc(C(=O)Nc2ccon2)ccc1C,9.04575749056
2943,[*]c1ccc2c(c1)NC(=O)C21CCOCC1,CHEMBL1825148,[*]c1cc(C(=O)Nc2ccon2)ccc1C,10.0457574906,[*]c1ccc2c(c1)NC(=O)C21CCCC1,CHEMBL1800222,[*]c1cc(C(=O)Nc2ccon2)ccc1C,9.65757731918
2944,[*]c1ccc2c(c1)NC(=O)C21CCC(F)(F)CC1,CHEMBL1825154,[*]c1cc(C(=O)Nc2ccon2)ccc1C,9.04575749056,[*]c1ccc2c(c1)NC(=O)C21CCOCC1,CHEMBL1825148,[*]c1cc(C(=O)Nc2ccon2)ccc1C,10.0457574906
2945,[*]c1ccc2c(c1)NC(=O)C21CCC(F)(F)CC1,CHEMBL1825154,[*]c1cc(C(=O)Nc2ccon2)ccc1C,9.04575749056,[*]c1ccc2c(c1)NC(=O)C21CCCC1,CHEMBL1800222,[*]c1cc(C(=O)Nc2ccon2)ccc1C,9.65757731918
2946,[*]c1ccc2c(c1)NC(=O)C21CCCC1,CHEMBL1800222,[*]c1cc(C(=O)Nc2ccon2)ccc1C,9.65757731918,[*]c1ccc2c(c1)NC(=O)C21CCOCC1,CHEMBL1825148,[*]c1cc(C(=O)Nc2ccon2)ccc1C,10.0457574906
2947,[*]c1ccc2c(c1)NC(=O)C21CCCC1,CHEMBL1800222,[*]c1cc(C(=O)Nc2ccon2)ccc1C,9.65757731918,[*]c1ccc2c(c1)NC(=O)C21CCC(F)(F)CC1,CHEMBL1825154,[*]c1cc(C(=O)Nc2ccon2)ccc1C,9.04575749056
3130,[*]c1ccc2c(c1)CCCCC2=O,CHEMBL2182082,[*]Nc1cccc(NC(=O)c2ccsc2)c1,7.92081875395,[*]c1ccc2c(c1)CCc1ccccc1C2=O,CHEMBL2182074,[*]Nc1cccc(NC(=O)c2ccsc2)c1,8
3131,[*]c1ccc2c(c1)CCCCC2=O,CHEMBL2182082,[*]Nc1cccc(NC(=O)c2ccsc2)c1,7.92081875395,[*]c1ccc2c(c1)OCc1ccccc1C2=O,CHEMBL2182087,[*]Nc1cccc(NC(=O)c2ccsc2)c1,7.69897000434
3132,[*]c1ccc2c(c1)CCc1ccccc1C2=O,CHEMBL2182074,[*]Nc1cccc(NC(=O)c2ccsc2)c1,8,[*]c1ccc2c(c1)CCCCC2=O,CHEMBL2182082,[*]Nc1cccc(NC(=O)c2ccsc2)c1,7.92081875395
3133,[*]c1ccc2c(c1)CCc1ccccc1C2=O,CHEMBL2182074,[*]Nc1cccc(NC(=O)c2ccsc2)c1,8,[*]c1ccc2c(c1)OCc1ccccc1C2=O,CHEMBL2182087,[*]Nc1cccc(NC(=O)c2ccsc2)c1,7.69897000434
3134,[*]c1ccc2c(c1)OCc1ccccc1C2=O,CHEMBL2182087,[*]Nc1cccc(NC(=O)c2ccsc2)c1,7.69897000434,[*]c1ccc2c(c1)CCCCC2=O,CHEMBL2182082,[*]Nc1cccc(NC(=O)c2ccsc2)c1,7.92081875395
3135,[*]c1ccc2c(c1)OCc1ccccc1C2=O,CHEMBL2182087,[*]Nc1cccc(NC(=O)c2ccsc2)c1,7.69897000434,[*]c1ccc2c(c1)CCc1ccccc1C2=O,CHEMBL2182074,[*]Nc1cccc(NC(=O)c2ccsc2)c1,8
3136,[*]c1ccc2c(c1)CCCCC2=O,CHEMBL2182093,[*]Nc1cccc(C(=O)Nc2cccc(C(C)(C)C)c2)c1,5.32790214206,[*]c1ccc2c(c1)CCc1ccccc1C2=O,CHEMBL2177227,[*]Nc1cccc(C(=O)Nc2cccc(C(C)(C)C)c2)c1,5.69897000434
3137,[*]c1ccc2c(c1)CCc1ccccc1C2=O,CHEMBL2177227,[*]Nc1cccc(C(=O)Nc2cccc(C(C)(C)C)c2)c1,5.69897000434,[*]c1ccc2c(c1)CCCCC2=O,CHEMBL2182093,[*]Nc1cccc(C(=O)Nc2cccc(C(C)(C)C)c2)c1,5.32790214206
3688,[*]c1ccc2ncn([*])c(=O)c2c1,CHEMBL2031238,[*]N1CCN(C)CC1.[*]c1cc(NC(=O)c2ccoc2)ccc1C,8.04575749056,[*]c1ccc2nc(C)n([*])c(=O)c2c1,CHEMBL2031239,[*]N1CCN(C)CC1.[*]c1cc(NC(=O)c2ccoc2)ccc1C,5.80999905193
3689,[*]c1ccc2nc(C)n([*])c(=O)c2c1,CHEMBL2031239,[*]N1CCN(C)CC1.[*]c1cc(NC(=O)c2ccoc2)ccc1C,5.80999905193,[*]c1ccc2ncn([*])c(=O)c2c1,CHEMBL2031238,[*]N1CCN(C)CC1.[*]c1cc(NC(=O)c2ccoc2)ccc1C,8.04575749056
3754,[*]c1ccc2c(c1)OCc1ccccc1C2=O,CHEMBL2182086,[*]Nc1cccc(NC(=O)c2ccoc2)c1,7.39794000867,[*]c1ccc2c(c1)CCc1ccccc1C2=O,CHEMBL2182071,[*]Nc1cccc(NC(=O)c2ccoc2)c1,8.04575749056
3755,[*]c1ccc2c(c1)CCc1ccccc1C2=O,CHEMBL2182071,[*]Nc1cccc(NC(=O)c2ccoc2)c1,8.04575749056,[*]c1ccc2c(c1)OCc1ccccc1C2=O,CHEMBL2182086,[*]Nc1cccc(NC(=O)c2ccoc2)c1,7.39794000867
3756,[*]c1cc2cnn([*])c2n(C)c1=O,CHEMBL1089865,[*]c1c(F)cccc1F.[*]c1cc(C(=O)NC2CC2)ccc1C,8.55284196866,[*]c1cc2c(C)nn([*])c2n(C)c1=O,CHEMBL1091927,[*]c1c(F)cccc1F.[*]c1cc(C(=O)NC2CC2)ccc1C,7.79588001734
3757,[*]c1cc2cnn([*])c2n(C)c1=O,CHEMBL1089865,[*]c1c(F)cccc1F.[*]c1cc(C(=O)NC2CC2)ccc1C,8.55284196866,[*]c1cc2nnc([*])n2n(C)c1=O,CHEMBL1945715,[*]c1c(F)cccc1F.[*]c1cc(C(=O)NC2CC2)ccc1C,8.88605664769
3758,[*]c1cc2cnn([*])c2n(C)c1=O,CHEMBL1089865,[*]c1c(F)cccc1F.[*]c1cc(C(=O)NC2CC2)ccc1C,8.55284196866,[*]c1cc2nnc([*])n2n(C)c1=O,CHEMBL1945719,[*]c1cc(C(=O)NC2CC2)ccc1C.[*]c1ccc(F)cc1F,7.77211329539
3759,[*]c1cc2cnn([*])c2n(C)c1=O,CHEMBL1089865,[*]c1c(F)cccc1F.[*]c1cc(C(=O)NC2CC2)ccc1C,8.55284196866,[*]c1cc2cnnc([*])c2n(C)c1=O,CHEMBL1254989,[*]c1cc(C(=O)NC2CC2)ccc1C.[*]c1ccc(F)cc1F,8.56863623584
3760,[*]c1cc2cnn([*])c2n(C)c1=O,CHEMBL1091199,[*]c1cc(C(=O)NC2CC2)ccc1C.[*]c1ccc(F)cc1F,8.33724216832,[*]c1cc2c(C)nn([*])c2n(C)c1=O,CHEMBL1091927,[*]c1c(F)cccc1F.[*]c1cc(C(=O)NC2CC2)ccc1C,7.79588001734
3761,[*]c1cc2cnn([*])c2n(C)c1=O,CHEMBL1091199,[*]c1cc(C(=O)NC2CC2)ccc1C.[*]c1ccc(F)cc1F,8.33724216832,[*]c1cc2nnc([*])n2n(C)c1=O,CHEMBL1945715,[*]c1c(F)cccc1F.[*]c1cc(C(=O)NC2CC2)ccc1C,8.88605664769
3762,[*]c1cc2cnn([*])c2n(C)c1=O,CHEMBL1091199,[*]c1cc(C(=O)NC2CC2)ccc1C.[*]c1ccc(F)cc1F,8.33724216832,[*]c1cc2nnc([*])n2n(C)c1=O,CHEMBL1945719,[*]c1cc(C(=O)NC2CC2)ccc1C.[*]c1ccc(F)cc1F,7.77211329539
3763,[*]c1cc2cnn([*])c2n(C)c1=O,CHEMBL1091199,[*]c1cc(C(=O)NC2CC2)ccc1C.[*]c1ccc(F)cc1F,8.33724216832,[*]c1cc2cnnc([*])c2n(C)c1=O,CHEMBL1254989,[*]c1cc(C(=O)NC2CC2)ccc1C.[*]c1ccc(F)cc1F,8.56863623584
3764,[*]c1cc2c(C)nn([*])c2n(C)c1=O,CHEMBL1091927,[*]c1c(F)cccc1F.[*]c1cc(C(=O)NC2CC2)ccc1C,7.79588001734,[*]c1cc2cnn([*])c2n(C)c1=O,CHEMBL1089865,[*]c1c(F)cccc1F.[*]c1cc(C(=O)NC2CC2)ccc1C,8.55284196866
3765,[*]c1cc2c(C)nn([*])c2n(C)c1=O,CHEMBL1091927,[*]c1c(F)cccc1F.[*]c1cc(C(=O)NC2CC2)ccc1C,7.79588001734,[*]c1cc2cnn([*])c2n(C)c1=O,CHEMBL1091199,[*]c1cc(C(=O)NC2CC2)ccc1C.[*]c1ccc(F)cc1F,8.33724216832
3766,[*]c1cc2c(C)nn([*])c2n(C)c1=O,CHEMBL1091927,[*]c1c(F)cccc1F.[*]c1cc(C(=O)NC2CC2)ccc1C,7.79588001734,[*]c1cc2nnc([*])n2n(C)c1=O,CHEMBL1945715,[*]c1c(F)cccc1F.[*]c1cc(C(=O)NC2CC2)ccc1C,8.88605664769
3767,[*]c1cc2c(C)nn([*])c2n(C)c1=O,CHEMBL1091927,[*]c1c(F)cccc1F.[*]c1cc(C(=O)NC2CC2)ccc1C,7.79588001734,[*]c1cc2nnc([*])n2n(C)c1=O,CHEMBL1945719,[*]c1cc(C(=O)NC2CC2)ccc1C.[*]c1ccc(F)cc1F,7.77211329539
3768,[*]c1cc2c(C)nn([*])c2n(C)c1=O,CHEMBL1091927,[*]c1c(F)cccc1F.[*]c1cc(C(=O)NC2CC2)ccc1C,7.79588001734,[*]c1cc2cnnc([*])c2n(C)c1=O,CHEMBL1254989,[*]c1cc(C(=O)NC2CC2)ccc1C.[*]c1ccc(F)cc1F,8.56863623584
3769,[*]c1cc2nnc([*])n2n(C)c1=O,CHEMBL1945715,[*]c1c(F)cccc1F.[*]c1cc(C(=O)NC2CC2)ccc1C,8.88605664769,[*]c1cc2cnn([*])c2n(C)c1=O,CHEMBL1089865,[*]c1c(F)cccc1F.[*]c1cc(C(=O)NC2CC2)ccc1C,8.55284196866
3770,[*]c1cc2nnc([*])n2n(C)c1=O,CHEMBL1945715,[*]c1c(F)cccc1F.[*]c1cc(C(=O)NC2CC2)ccc1C,8.88605664769,[*]c1cc2cnn([*])c2n(C)c1=O,CHEMBL1091199,[*]c1cc(C(=O)NC2CC2)ccc1C.[*]c1ccc(F)cc1F,8.33724216832
3771,[*]c1cc2nnc([*])n2n(C)c1=O,CHEMBL1945715,[*]c1c(F)cccc1F.[*]c1cc(C(=O)NC2CC2)ccc1C,8.88605664769,[*]c1cc2c(C)nn([*])c2n(C)c1=O,CHEMBL1091927,[*]c1c(F)cccc1F.[*]c1cc(C(=O)NC2CC2)ccc1C,7.79588001734
3772,[*]c1cc2nnc([*])n2n(C)c1=O,CHEMBL1945715,[*]c1c(F)cccc1F.[*]c1cc(C(=O)NC2CC2)ccc1C,8.88605664769,[*]c1cc2cnnc([*])c2n(C)c1=O,CHEMBL1254989,[*]c1cc(C(=O)NC2CC2)ccc1C.[*]c1ccc(F)cc1F,8.56863623584
3773,[*]c1cc2nnc([*])n2n(C)c1=O,CHEMBL1945719,[*]c1cc(C(=O)NC2CC2)ccc1C.[*]c1ccc(F)cc1F,7.77211329539,[*]c1cc2cnn([*])c2n(C)c1=O,CHEMBL1089865,[*]c1c(F)cccc1F.[*]c1cc(C(=O)NC2CC2)ccc1C,8.55284196866
3774,[*]c1cc2nnc([*])n2n(C)c1=O,CHEMBL1945719,[*]c1cc(C(=O)NC2CC2)ccc1C.[*]c1ccc(F)cc1F,7.77211329539,[*]c1cc2cnn([*])c2n(C)c1=O,CHEMBL1091199,[*]c1cc(C(=O)NC2CC2)ccc1C.[*]c1ccc(F)cc1F,8.33724216832
3775,[*]c1cc2nnc([*])n2n(C)c1=O,CHEMBL1945719,[*]c1cc(C(=O)NC2CC2)ccc1C.[*]c1ccc(F)cc1F,7.77211329539,[*]c1cc2c(C)nn([*])c2n(C)c1=O,CHEMBL1091927,[*]c1c(F)cccc1F.[*]c1cc(C(=O)NC2CC2)ccc1C,7.79588001734
3776,[*]c1cc2nnc([*])n2n(C)c1=O,CHEMBL1945719,[*]c1cc(C(=O)NC2CC2)ccc1C.[*]c1ccc(F)cc1F,7.77211329539,[*]c1cc2cnnc([*])c2n(C)c1=O,CHEMBL1254989,[*]c1cc(C(=O)NC2CC2)ccc1C.[*]c1ccc(F)cc1F,8.56863623584
3777,[*]c1cc2cnnc([*])c2n(C)c1=O,CHEMBL1254989,[*]c1cc(C(=O)NC2CC2)ccc1C.[*]c1ccc(F)cc1F,8.56863623584,[*]c1cc2cnn([*])c2n(C)c1=O,CHEMBL1089865,[*]c1c(F)cccc1F.[*]c1cc(C(=O)NC2CC2)ccc1C,8.55284196866
3778,[*]c1cc2cnnc([*])c2n(C)c1=O,CHEMBL1254989,[*]c1cc(C(=O)NC2CC2)ccc1C.[*]c1ccc(F)cc1F,8.56863623584,[*]c1cc2cnn([*])c2n(C)c1=O,CHEMBL1091199,[*]c1cc(C(=O)NC2CC2)ccc1C.[*]c1ccc(F)cc1F,8.33724216832
3779,[*]c1cc2cnnc([*])c2n(C)c1=O,CHEMBL1254989,[*]c1cc(C(=O)NC2CC2)ccc1C.[*]c1ccc(F)cc1F,8.56863623584,[*]c1cc2c(C)nn([*])c2n(C)c1=O,CHEMBL1091927,[*]c1c(F)cccc1F.[*]c1cc(C(=O)NC2CC2)ccc1C,7.79588001734
3780,[*]c1cc2cnnc([*])c2n(C)c1=O,CHEMBL1254989,[*]c1cc(C(=O)NC2CC2)ccc1C.[*]c1ccc(F)cc1F,8.56863623584,[*]c1cc2nnc([*])n2n(C)c1=O,CHEMBL1945715,[*]c1c(F)cccc1F.[*]c1cc(C(=O)NC2CC2)ccc1C,8.88605664769
3781,[*]c1cc2cnnc([*])c2n(C)c1=O,CHEMBL1254989,[*]c1cc(C(=O)NC2CC2)ccc1C.[*]c1ccc(F)cc1F,8.56863623584,[*]c1cc2nnc([*])n2n(C)c1=O,CHEMBL1945719,[*]c1cc(C(=O)NC2CC2)ccc1C.[*]c1ccc(F)cc1F,7.77211329539
3782,[*]c1ccc2c(c1)NC(=O)C21CCC(F)(F)CC1,CHEMBL1911339,[*]c1c(C)ccc2c(NC3CC3)noc12,10.2218487496,[*]c1ccc2c(c1)NC(=O)C21CCCC1,CHEMBL1911334,[*]c1c(C)ccc2c(NC3CC3)noc12,9.04575749056
3783,[*]c1ccc2c(c1)NC(=O)C21CCC(F)(F)CC1,CHEMBL1911339,[*]c1c(C)ccc2c(NC3CC3)noc12,10.2218487496,[*]c1ccc2c(c1)NC(=O)C2(C)C,CHEMBL1911337,[*]c1c(C)ccc2c(NC3CC3)noc12,9.39794000867
3784,[*]c1ccc2c(c1)NC(=O)C21CCC(F)(F)CC1,CHEMBL1911339,[*]c1c(C)ccc2c(NC3CC3)noc12,10.2218487496,[*]c1ccc2c(c1)NC(=O)C21CCOCC1,CHEMBL1911338,[*]c1c(C)ccc2c(NC3CC3)noc12,9.79588001734
3785,[*]c1ccc2c(c1)NC(=O)C21CCCC1,CHEMBL1911334,[*]c1c(C)ccc2c(NC3CC3)noc12,9.04575749056,[*]c1ccc2c(c1)NC(=O)C21CCC(F)(F)CC1,CHEMBL1911339,[*]c1c(C)ccc2c(NC3CC3)noc12,10.2218487496
3786,[*]c1ccc2c(c1)NC(=O)C21CCCC1,CHEMBL1911334,[*]c1c(C)ccc2c(NC3CC3)noc12,9.04575749056,[*]c1ccc2c(c1)NC(=O)C2(C)C,CHEMBL1911337,[*]c1c(C)ccc2c(NC3CC3)noc12,9.39794000867
3787,[*]c1ccc2c(c1)NC(=O)C21CCCC1,CHEMBL1911334,[*]c1c(C)ccc2c(NC3CC3)noc12,9.04575749056,[*]c1ccc2c(c1)NC(=O)C21CCOCC1,CHEMBL1911338,[*]c1c(C)ccc2c(NC3CC3)noc12,9.79588001734
3788,[*]c1ccc2c(c1)NC(=O)C2(C)C,CHEMBL1911337,[*]c1c(C)ccc2c(NC3CC3)noc12,9.39794000867,[*]c1ccc2c(c1)NC(=O)C21CCC(F)(F)CC1,CHEMBL1911339,[*]c1c(C)ccc2c(NC3CC3)noc12,10.2218487496
3789,[*]c1ccc2c(c1)NC(=O)C2(C)C,CHEMBL1911337,[*]c1c(C)ccc2c(NC3CC3)noc12,9.39794000867,[*]c1ccc2c(c1)NC(=O)C21CCCC1,CHEMBL1911334,[*]c1c(C)ccc2c(NC3CC3)noc12,9.04575749056
3790,[*]c1ccc2c(c1)NC(=O)C2(C)C,CHEMBL1911337,[*]c1c(C)ccc2c(NC3CC3)noc12,9.39794000867,[*]c1ccc2c(c1)NC(=O)C21CCOCC1,CHEMBL1911338,[*]c1c(C)ccc2c(NC3CC3)noc12,9.79588001734
3791,[*]c1ccc2c(c1)NC(=O)C21CCOCC1,CHEMBL1911338,[*]c1c(C)ccc2c(NC3CC3)noc12,9.79588001734,[*]c1ccc2c(c1)NC(=O)C21CCC(F)(F)CC1,CHEMBL1911339,[*]c1c(C)ccc2c(NC3CC3)noc12,10.2218487496
3792,[*]c1ccc2c(c1)NC(=O)C21CCOCC1,CHEMBL1911338,[*]c1c(C)ccc2c(NC3CC3)noc12,9.79588001734,[*]c1ccc2c(c1)NC(=O)C21CCCC1,CHEMBL1911334,[*]c1c(C)ccc2c(NC3CC3)noc12,9.04575749056
3793,[*]c1ccc2c(c1)NC(=O)C21CCOCC1,CHEMBL1911338,[*]c1c(C)ccc2c(NC3CC3)noc12,9.79588001734,[*]c1ccc2c(c1)NC(=O)C2(C)C,CHEMBL1911337,[*]c1c(C)ccc2c(NC3CC3)noc12,9.39794000867
3932,[*]c1ccc2c(c1)CCc1ccccc1C2=O,CHEMBL2182099,[*]Nc1cccc(NC(=O)c2cccc(OC)c2)c1,7.88605664769,[*]c1ccc2c(c1)CCCCC2=O,CHEMBL2182109,[*]Nc1cccc(NC(=O)c2cccc(OC)c2)c1,6.79588001734
3933,[*]c1ccc2c(c1)CCCCC2=O,CHEMBL2182109,[*]Nc1cccc(NC(=O)c2cccc(OC)c2)c1,6.79588001734,[*]c1ccc2c(c1)CCc1ccccc1C2=O,CHEMBL2182099,[*]Nc1cccc(NC(=O)c2cccc(OC)c2)c1,7.88605664769
3934,[*]c1ccc2c(c1)NC(=O)C2(C)C,CHEMBL1911331,[*]c1cc(-c2nnc(C)[nH]2)ccc1C,7.06048074738,[*]c1ccc2c(c1)NC(=O)C21CCC1,CHEMBL1909657,[*]c1cc(-c2nnc(C)[nH]2)ccc1C,7.7447274949
3935,[*]c1ccc2c(c1)NC(=O)C2(C)C,CHEMBL1911331,[*]c1cc(-c2nnc(C)[nH]2)ccc1C,7.06048074738,[*]c1ccc2c(c1)NC(=O)C21CCOCC1,CHEMBL1911194,[*]c1cc(-c2nnc(C)[nH]2)ccc1C,8.11918640772
3936,[*]c1ccc2c(c1)NC(=O)C2(C)C,CHEMBL1911331,[*]c1cc(-c2nnc(C)[nH]2)ccc1C,7.06048074738,[*]c1ccc2c(c1)NC(=O)C21CCC(F)(F)CC1,CHEMBL1911332,[*]c1cc(-c2nnc(C)[nH]2)ccc1C,8.69897000434
3937,[*]c1ccc2c(c1)NC(=O)C2(C)C,CHEMBL1911331,[*]c1cc(-c2nnc(C)[nH]2)ccc1C,7.06048074738,[*]c1ccc2c(c1)NC(=O)C21CCCC1,CHEMBL1911193,[*]c1cc(-c2nnc(C)[nH]2)ccc1C,8.13076828027
3938,[*]c1ccc2c(c1)NC(=O)C21CCC1,CHEMBL1909657,[*]c1cc(-c2nnc(C)[nH]2)ccc1C,7.7447274949,[*]c1ccc2c(c1)NC(=O)C2(C)C,CHEMBL1911331,[*]c1cc(-c2nnc(C)[nH]2)ccc1C,7.06048074738
3939,[*]c1ccc2c(c1)NC(=O)C21CCC1,CHEMBL1909657,[*]c1cc(-c2nnc(C)[nH]2)ccc1C,7.7447274949,[*]c1ccc2c(c1)NC(=O)C21CCOCC1,CHEMBL1911194,[*]c1cc(-c2nnc(C)[nH]2)ccc1C,8.11918640772
3940,[*]c1ccc2c(c1)NC(=O)C21CCC1,CHEMBL1909657,[*]c1cc(-c2nnc(C)[nH]2)ccc1C,7.7447274949,[*]c1ccc2c(c1)NC(=O)C21CCC(F)(F)CC1,CHEMBL1911332,[*]c1cc(-c2nnc(C)[nH]2)ccc1C,8.69897000434
3941,[*]c1ccc2c(c1)NC(=O)C21CCC1,CHEMBL1909657,[*]c1cc(-c2nnc(C)[nH]2)ccc1C,7.7447274949,[*]c1ccc2c(c1)NC(=O)C21CCCC1,CHEMBL1911193,[*]c1cc(-c2nnc(C)[nH]2)ccc1C,8.13076828027
3942,[*]c1ccc2c(c1)NC(=O)C21CCOCC1,CHEMBL1911194,[*]c1cc(-c2nnc(C)[nH]2)ccc1C,8.11918640772,[*]c1ccc2c(c1)NC(=O)C2(C)C,CHEMBL1911331,[*]c1cc(-c2nnc(C)[nH]2)ccc1C,7.06048074738
3943,[*]c1ccc2c(c1)NC(=O)C21CCOCC1,CHEMBL1911194,[*]c1cc(-c2nnc(C)[nH]2)ccc1C,8.11918640772,[*]c1ccc2c(c1)NC(=O)C21CCC1,CHEMBL1909657,[*]c1cc(-c2nnc(C)[nH]2)ccc1C,7.7447274949
3944,[*]c1ccc2c(c1)NC(=O)C21CCOCC1,CHEMBL1911194,[*]c1cc(-c2nnc(C)[nH]2)ccc1C,8.11918640772,[*]c1ccc2c(c1)NC(=O)C21CCC(F)(F)CC1,CHEMBL1911332,[*]c1cc(-c2nnc(C)[nH]2)ccc1C,8.69897000434
3945,[*]c1ccc2c(c1)NC(=O)C21CCOCC1,CHEMBL1911194,[*]c1cc(-c2nnc(C)[nH]2)ccc1C,8.11918640772,[*]c1ccc2c(c1)NC(=O)C21CCCC1,CHEMBL1911193,[*]c1cc(-c2nnc(C)[nH]2)ccc1C,8.13076828027
3946,[*]c1ccc2c(c1)NC(=O)C21CCC(F)(F)CC1,CHEMBL1911332,[*]c1cc(-c2nnc(C)[nH]2)ccc1C,8.69897000434,[*]c1ccc2c(c1)NC(=O)C2(C)C,CHEMBL1911331,[*]c1cc(-c2nnc(C)[nH]2)ccc1C,7.06048074738
3947,[*]c1ccc2c(c1)NC(=O)C21CCC(F)(F)CC1,CHEMBL1911332,[*]c1cc(-c2nnc(C)[nH]2)ccc1C,8.69897000434,[*]c1ccc2c(c1)NC(=O)C21CCC1,CHEMBL1909657,[*]c1cc(-c2nnc(C)[nH]2)ccc1C,7.7447274949
3948,[*]c1ccc2c(c1)NC(=O)C21CCC(F)(F)CC1,CHEMBL1911332,[*]c1cc(-c2nnc(C)[nH]2)ccc1C,8.69897000434,[*]c1ccc2c(c1)NC(=O)C21CCOCC1,CHEMBL1911194,[*]c1cc(-c2nnc(C)[nH]2)ccc1C,8.11918640772
3949,[*]c1ccc2c(c1)NC(=O)C21CCC(F)(F)CC1,CHEMBL1911332,[*]c1cc(-c2nnc(C)[nH]2)ccc1C,8.69897000434,[*]c1ccc2c(c1)NC(=O)C21CCCC1,CHEMBL1911193,[*]c1cc(-c2nnc(C)[nH]2)ccc1C,8.13076828027
3950,[*]c1ccc2c(c1)NC(=O)C21CCCC1,CHEMBL1911193,[*]c1cc(-c2nnc(C)[nH]2)ccc1C,8.13076828027,[*]c1ccc2c(c1)NC(=O)C2(C)C,CHEMBL1911331,[*]c1cc(-c2nnc(C)[nH]2)ccc1C,7.06048074738
3951,[*]c1ccc2c(c1)NC(=O)C21CCCC1,CHEMBL1911193,[*]c1cc(-c2nnc(C)[nH]2)ccc1C,8.13076828027,[*]c1ccc2c(c1)NC(=O)C21CCC1,CHEMBL1909657,[*]c1cc(-c2nnc(C)[nH]2)ccc1C,7.7447274949
3952,[*]c1ccc2c(c1)NC(=O)C21CCCC1,CHEMBL1911193,[*]c1cc(-c2nnc(C)[nH]2)ccc1C,8.13076828027,[*]c1ccc2c(c1)NC(=O)C21CCOCC1,CHEMBL1911194,[*]c1cc(-c2nnc(C)[nH]2)ccc1C,8.11918640772
3953,[*]c1ccc2c(c1)NC(=O)C21CCCC1,CHEMBL1911193,[*]c1cc(-c2nnc(C)[nH]2)ccc1C,8.13076828027,[*]c1ccc2c(c1)NC(=O)C21CCC(F)(F)CC1,CHEMBL1911332,[*]c1cc(-c2nnc(C)[nH]2)ccc1C,8.69897000434
3990,[*]c1ccc2c(c1)CCc1ccccc1C2=O,CHEMBL2177225,[*]Nc1cccc(C(=O)Nc2ccccc2)c1,5.92081875395,[*]c1ccc2c(c1)OCc1ccccc1C2=O,CHEMBL2182095,[*]Nc1cccc(C(=O)Nc2ccccc2)c1,5.42021640338
3991,[*]c1ccc2c(c1)CCc1ccccc1C2=O,CHEMBL2177225,[*]Nc1cccc(C(=O)Nc2ccccc2)c1,5.92081875395,[*]c1ccc2c(c1)CCCCC2=O,CHEMBL2182091,[*]Nc1cccc(C(=O)Nc2ccccc2)c1,5.2076083105
3992,[*]c1ccc2c(c1)OCc1ccccc1C2=O,CHEMBL2182095,[*]Nc1cccc(C(=O)Nc2ccccc2)c1,5.42021640338,[*]c1ccc2c(c1)CCc1ccccc1C2=O,CHEMBL2177225,[*]Nc1cccc(C(=O)Nc2ccccc2)c1,5.92081875395
3993,[*]c1ccc2c(c1)OCc1ccccc1C2=O,CHEMBL2182095,[*]Nc1cccc(C(=O)Nc2ccccc2)c1,5.42021640338,[*]c1ccc2c(c1)CCCCC2=O,CHEMBL2182091,[*]Nc1cccc(C(=O)Nc2ccccc2)c1,5.2076083105
3994,[*]c1ccc2c(c1)CCCCC2=O,CHEMBL2182091,[*]Nc1cccc(C(=O)Nc2ccccc2)c1,5.2076083105,[*]c1ccc2c(c1)CCc1ccccc1C2=O,CHEMBL2177225,[*]Nc1cccc(C(=O)Nc2ccccc2)c1,5.92081875395
3995,[*]c1ccc2c(c1)CCCCC2=O,CHEMBL2182091,[*]Nc1cccc(C(=O)Nc2ccccc2)c1,5.2076083105,[*]c1ccc2c(c1)OCc1ccccc1C2=O,CHEMBL2182095,[*]Nc1cccc(C(=O)Nc2ccccc2)c1,5.42021640338
4008,[*]c1ccc2c(c1)OCc1ccccc1C2=O,CHEMBL2177222,[*]Nc1cc(NC(=O)c2ccccc2)ccc1F,7.61978875829,[*]c1ccc2c(c1)CCCCC2=O,CHEMBL2177106,[*]Nc1cc(NC(=O)c2ccccc2)ccc1F,7.92081875395
4009,[*]c1ccc2c(c1)OCc1ccccc1C2=O,CHEMBL2177222,[*]Nc1cc(NC(=O)c2ccccc2)ccc1F,7.61978875829,[*]c1ccc2c(c1)CCc1ccccc1C2=O,CHEMBL2177213,[*]Nc1cc(NC(=O)c2ccccc2)ccc1F,7.85387196432
4010,[*]c1ccc2c(c1)CCCCC2=O,CHEMBL2177106,[*]Nc1cc(NC(=O)c2ccccc2)ccc1F,7.92081875395,[*]c1ccc2c(c1)OCc1ccccc1C2=O,CHEMBL2177222,[*]Nc1cc(NC(=O)c2ccccc2)ccc1F,7.61978875829
4011,[*]c1ccc2c(c1)CCCCC2=O,CHEMBL2177106,[*]Nc1cc(NC(=O)c2ccccc2)ccc1F,7.92081875395,[*]c1ccc2c(c1)CCc1ccccc1C2=O,CHEMBL2177213,[*]Nc1cc(NC(=O)c2ccccc2)ccc1F,7.85387196432
4012,[*]c1ccc2c(c1)CCc1ccccc1C2=O,CHEMBL2177213,[*]Nc1cc(NC(=O)c2ccccc2)ccc1F,7.85387196432,[*]c1ccc2c(c1)OCc1ccccc1C2=O,CHEMBL2177222,[*]Nc1cc(NC(=O)c2ccccc2)ccc1F,7.61978875829
4013,[*]c1ccc2c(c1)CCc1ccccc1C2=O,CHEMBL2177213,[*]Nc1cc(NC(=O)c2ccccc2)ccc1F,7.85387196432,[*]c1ccc2c(c1)CCCCC2=O,CHEMBL2177106,[*]Nc1cc(NC(=O)c2ccccc2)ccc1F,7.92081875395
4018,[*]c1ccc2c(c1)CCCCC2=O,CHEMBL2182081,[*]Nc1ccc(F)c(NC(=O)c2ccoc2)c1,7.49485002168,[*]c1ccc2c(c1)CCc1ccccc1C2=O,CHEMBL2182072,[*]Nc1ccc(F)c(NC(=O)c2ccoc2)c1,8.39794000867
4019,[*]c1ccc2c(c1)CCc1ccccc1C2=O,CHEMBL2182072,[*]Nc1ccc(F)c(NC(=O)c2ccoc2)c1,8.39794000867,[*]c1ccc2c(c1)CCCCC2=O,CHEMBL2182081,[*]Nc1ccc(F)c(NC(=O)c2ccoc2)c1,7.49485002168
4020,[*]c1ccc2c(c1)OCc1ccccc1C2=O,CHEMBL2177220,[*]Nc1cccc(NC(=O)c2ccccc2)c1,7.25963731051,[*]c1ccc2c(c1)CCc1ccccc1C2=O,CHEMBL2177211,[*]Nc1cccc(NC(=O)c2ccccc2)c1,7.44369749923
4021,[*]c1ccc2c(c1)OCc1ccccc1C2=O,CHEMBL2177220,[*]Nc1cccc(NC(=O)c2ccccc2)c1,7.25963731051,[*]c1ccc2c(c1)CCCCC2=O,CHEMBL2177216,[*]Nc1cccc(NC(=O)c2ccccc2)c1,7.43179827593
4022,[*]c1ccc2c(c1)CCc1ccccc1C2=O,CHEMBL2177211,[*]Nc1cccc(NC(=O)c2ccccc2)c1,7.44369749923,[*]c1ccc2c(c1)OCc1ccccc1C2=O,CHEMBL2177220,[*]Nc1cccc(NC(=O)c2ccccc2)c1,7.25963731051
4023,[*]c1ccc2c(c1)CCc1ccccc1C2=O,CHEMBL2177211,[*]Nc1cccc(NC(=O)c2ccccc2)c1,7.44369749923,[*]c1ccc2c(c1)CCCCC2=O,CHEMBL2177216,[*]Nc1cccc(NC(=O)c2ccccc2)c1,7.43179827593
4024,[*]c1ccc2c(c1)CCCCC2=O,CHEMBL2177216,[*]Nc1cccc(NC(=O)c2ccccc2)c1,7.43179827593,[*]c1ccc2c(c1)OCc1ccccc1C2=O,CHEMBL2177220,[*]Nc1cccc(NC(=O)c2ccccc2)c1,7.25963731051
4025,[*]c1ccc2c(c1)CCCCC2=O,CHEMBL2177216,[*]Nc1cccc(NC(=O)c2ccccc2)c1,7.43179827593,[*]c1ccc2c(c1)CCc1ccccc1C2=O,CHEMBL2177211,[*]Nc1cccc(NC(=O)c2ccccc2)c1,7.44369749923
4028,[*]c1ccc2c(c1)CCc1ccccc1C2=O,CHEMBL2177226,[*]Nc1cccc(C(=O)NC2CC2)c1,6.69897000434,[*]c1ccc2c(c1)CCCCC2=O,CHEMBL2182092,[*]Nc1cccc(C(=O)NC2CC2)c1,5.31875876262
4029,[*]c1ccc2c(c1)CCCCC2=O,CHEMBL2182092,[*]Nc1cccc(C(=O)NC2CC2)c1,5.31875876262,[*]c1ccc2c(c1)CCc1ccccc1C2=O,CHEMBL2177226,[*]Nc1cccc(C(=O)NC2CC2)c1,6.69897000434
4130,[*]c1ccc2c(c1)CCCCC2=O,CHEMBL2182107,[*]Nc1cccc(NC(=O)c2cccc(C)c2)c1,6.07058107429,[*]c1ccc2c(c1)OCc1ccccc1C2=O,CHEMBL2177209,[*]Nc1cccc(NC(=O)c2cccc(C)c2)c1,7.82390874094
4131,[*]c1ccc2c(c1)CCCCC2=O,CHEMBL2182107,[*]Nc1cccc(NC(=O)c2cccc(C)c2)c1,6.07058107429,[*]c1ccc2c(c1)CCc1ccccc1C2=O,CHEMBL2182098,[*]Nc1cccc(NC(=O)c2cccc(C)c2)c1,6.45593195565
4132,[*]c1ccc2c(c1)OCc1ccccc1C2=O,CHEMBL2177209,[*]Nc1cccc(NC(=O)c2cccc(C)c2)c1,7.82390874094,[*]c1ccc2c(c1)CCCCC2=O,CHEMBL2182107,[*]Nc1cccc(NC(=O)c2cccc(C)c2)c1,6.07058107429
4133,[*]c1ccc2c(c1)OCc1ccccc1C2=O,CHEMBL2177209,[*]Nc1cccc(NC(=O)c2cccc(C)c2)c1,7.82390874094,[*]c1ccc2c(c1)CCc1ccccc1C2=O,CHEMBL2182098,[*]Nc1cccc(NC(=O)c2cccc(C)c2)c1,6.45593195565
4134,[*]c1ccc2c(c1)CCc1ccccc1C2=O,CHEMBL2182098,[*]Nc1cccc(NC(=O)c2cccc(C)c2)c1,6.45593195565,[*]c1ccc2c(c1)CCCCC2=O,CHEMBL2182107,[*]Nc1cccc(NC(=O)c2cccc(C)c2)c1,6.07058107429
4135,[*]c1ccc2c(c1)CCc1ccccc1C2=O,CHEMBL2182098,[*]Nc1cccc(NC(=O)c2cccc(C)c2)c1,6.45593195565,[*]c1ccc2c(c1)OCc1ccccc1C2=O,CHEMBL2177209,[*]Nc1cccc(NC(=O)c2cccc(C)c2)c1,7.82390874094
4136,[*]c1cc2cnn([*])c2n(C)c1=O,CHEMBL1091928,[*]c1c(F)cccc1F.[*]c1cc(C(=O)NC2CC2)ccc1Cl,8.65757731918,[*]c1cc2cnnc([*])c2n(C)c1=O,CHEMBL1254900,[*]c1cc(C(=O)NC2CC2)ccc1Cl.[*]c1ccc(F)cc1F,8.58502665203
4137,[*]c1cc2cnnc([*])c2n(C)c1=O,CHEMBL1254900,[*]c1cc(C(=O)NC2CC2)ccc1Cl.[*]c1ccc(F)cc1F,8.58502665203,[*]c1cc2cnn([*])c2n(C)c1=O,CHEMBL1091928,[*]c1c(F)cccc1F.[*]c1cc(C(=O)NC2CC2)ccc1Cl,8.65757731918
4158,[*]c1cc2cnn([*])c2n(C)c1=O,CHEMBL1089865,[*]c1c(F)cccc1F.[*]c1cc(C(=O)NC2CC2)ccc1C,8.55284196866,[*]c1cc2c(C)nn([*])c2n(C)c1=O,CHEMBL1091927,[*]c1c(F)cccc1F.[*]c1cc(C(=O)NC2CC2)ccc1C,7.79588001734
4159,[*]c1cc2cnn([*])c2n(C)c1=O,CHEMBL1089865,[*]c1c(F)cccc1F.[*]c1cc(C(=O)NC2CC2)ccc1C,8.55284196866,[*]c1cc2nnc([*])n2n(C)c1=O,CHEMBL1945715,[*]c1c(F)cccc1F.[*]c1cc(C(=O)NC2CC2)ccc1C,8.88605664769
4160,[*]c1cc2cnn([*])c2n(C)c1=O,CHEMBL1089865,[*]c1c(F)cccc1F.[*]c1cc(C(=O)NC2CC2)ccc1C,8.55284196866,[*]c1cc2nnc([*])n2n(C)c1=O,CHEMBL1945719,[*]c1cc(C(=O)NC2CC2)ccc1C.[*]c1ccc(F)cc1F,7.77211329539
4161,[*]c1cc2cnn([*])c2n(C)c1=O,CHEMBL1089865,[*]c1c(F)cccc1F.[*]c1cc(C(=O)NC2CC2)ccc1C,8.55284196866,[*]c1cc2cnnc([*])c2n(C)c1=O,CHEMBL1254989,[*]c1cc(C(=O)NC2CC2)ccc1C.[*]c1ccc(F)cc1F,8.56863623584
4162,[*]c1cc2cnn([*])c2n(C)c1=O,CHEMBL1091199,[*]c1cc(C(=O)NC2CC2)ccc1C.[*]c1ccc(F)cc1F,8.33724216832,[*]c1cc2c(C)nn([*])c2n(C)c1=O,CHEMBL1091927,[*]c1c(F)cccc1F.[*]c1cc(C(=O)NC2CC2)ccc1C,7.79588001734
4163,[*]c1cc2cnn([*])c2n(C)c1=O,CHEMBL1091199,[*]c1cc(C(=O)NC2CC2)ccc1C.[*]c1ccc(F)cc1F,8.33724216832,[*]c1cc2nnc([*])n2n(C)c1=O,CHEMBL1945715,[*]c1c(F)cccc1F.[*]c1cc(C(=O)NC2CC2)ccc1C,8.88605664769
4164,[*]c1cc2cnn([*])c2n(C)c1=O,CHEMBL1091199,[*]c1cc(C(=O)NC2CC2)ccc1C.[*]c1ccc(F)cc1F,8.33724216832,[*]c1cc2nnc([*])n2n(C)c1=O,CHEMBL1945719,[*]c1cc(C(=O)NC2CC2)ccc1C.[*]c1ccc(F)cc1F,7.77211329539
4165,[*]c1cc2cnn([*])c2n(C)c1=O,CHEMBL1091199,[*]c1cc(C(=O)NC2CC2)ccc1C.[*]c1ccc(F)cc1F,8.33724216832,[*]c1cc2cnnc([*])c2n(C)c1=O,CHEMBL1254989,[*]c1cc(C(=O)NC2CC2)ccc1C.[*]c1ccc(F)cc1F,8.56863623584
4166,[*]c1cc2c(C)nn([*])c2n(C)c1=O,CHEMBL1091927,[*]c1c(F)cccc1F.[*]c1cc(C(=O)NC2CC2)ccc1C,7.79588001734,[*]c1cc2cnn([*])c2n(C)c1=O,CHEMBL1089865,[*]c1c(F)cccc1F.[*]c1cc(C(=O)NC2CC2)ccc1C,8.55284196866
4167,[*]c1cc2c(C)nn([*])c2n(C)c1=O,CHEMBL1091927,[*]c1c(F)cccc1F.[*]c1cc(C(=O)NC2CC2)ccc1C,7.79588001734,[*]c1cc2cnn([*])c2n(C)c1=O,CHEMBL1091199,[*]c1cc(C(=O)NC2CC2)ccc1C.[*]c1ccc(F)cc1F,8.33724216832
4168,[*]c1cc2c(C)nn([*])c2n(C)c1=O,CHEMBL1091927,[*]c1c(F)cccc1F.[*]c1cc(C(=O)NC2CC2)ccc1C,7.79588001734,[*]c1cc2nnc([*])n2n(C)c1=O,CHEMBL1945715,[*]c1c(F)cccc1F.[*]c1cc(C(=O)NC2CC2)ccc1C,8.88605664769
4169,[*]c1cc2c(C)nn([*])c2n(C)c1=O,CHEMBL1091927,[*]c1c(F)cccc1F.[*]c1cc(C(=O)NC2CC2)ccc1C,7.79588001734,[*]c1cc2nnc([*])n2n(C)c1=O,CHEMBL1945719,[*]c1cc(C(=O)NC2CC2)ccc1C.[*]c1ccc(F)cc1F,7.77211329539
4170,[*]c1cc2c(C)nn([*])c2n(C)c1=O,CHEMBL1091927,[*]c1c(F)cccc1F.[*]c1cc(C(=O)NC2CC2)ccc1C,7.79588001734,[*]c1cc2cnnc([*])c2n(C)c1=O,CHEMBL1254989,[*]c1cc(C(=O)NC2CC2)ccc1C.[*]c1ccc(F)cc1F,8.56863623584
4171,[*]c1cc2nnc([*])n2n(C)c1=O,CHEMBL1945715,[*]c1c(F)cccc1F.[*]c1cc(C(=O)NC2CC2)ccc1C,8.88605664769,[*]c1cc2cnn([*])c2n(C)c1=O,CHEMBL1089865,[*]c1c(F)cccc1F.[*]c1cc(C(=O)NC2CC2)ccc1C,8.55284196866
4172,[*]c1cc2nnc([*])n2n(C)c1=O,CHEMBL1945715,[*]c1c(F)cccc1F.[*]c1cc(C(=O)NC2CC2)ccc1C,8.88605664769,[*]c1cc2cnn([*])c2n(C)c1=O,CHEMBL1091199,[*]c1cc(C(=O)NC2CC2)ccc1C.[*]c1ccc(F)cc1F,8.33724216832
4173,[*]c1cc2nnc([*])n2n(C)c1=O,CHEMBL1945715,[*]c1c(F)cccc1F.[*]c1cc(C(=O)NC2CC2)ccc1C,8.88605664769,[*]c1cc2c(C)nn([*])c2n(C)c1=O,CHEMBL1091927,[*]c1c(F)cccc1F.[*]c1cc(C(=O)NC2CC2)ccc1C,7.79588001734
4174,[*]c1cc2nnc([*])n2n(C)c1=O,CHEMBL1945715,[*]c1c(F)cccc1F.[*]c1cc(C(=O)NC2CC2)ccc1C,8.88605664769,[*]c1cc2cnnc([*])c2n(C)c1=O,CHEMBL1254989,[*]c1cc(C(=O)NC2CC2)ccc1C.[*]c1ccc(F)cc1F,8.56863623584
4175,[*]c1cc2nnc([*])n2n(C)c1=O,CHEMBL1945719,[*]c1cc(C(=O)NC2CC2)ccc1C.[*]c1ccc(F)cc1F,7.77211329539,[*]c1cc2cnn([*])c2n(C)c1=O,CHEMBL1089865,[*]c1c(F)cccc1F.[*]c1cc(C(=O)NC2CC2)ccc1C,8.55284196866
4176,[*]c1cc2nnc([*])n2n(C)c1=O,CHEMBL1945719,[*]c1cc(C(=O)NC2CC2)ccc1C.[*]c1ccc(F)cc1F,7.77211329539,[*]c1cc2cnn([*])c2n(C)c1=O,CHEMBL1091199,[*]c1cc(C(=O)NC2CC2)ccc1C.[*]c1ccc(F)cc1F,8.33724216832
4177,[*]c1cc2nnc([*])n2n(C)c1=O,CHEMBL1945719,[*]c1cc(C(=O)NC2CC2)ccc1C.[*]c1ccc(F)cc1F,7.77211329539,[*]c1cc2c(C)nn([*])c2n(C)c1=O,CHEMBL1091927,[*]c1c(F)cccc1F.[*]c1cc(C(=O)NC2CC2)ccc1C,7.79588001734
4178,[*]c1cc2nnc([*])n2n(C)c1=O,CHEMBL1945719,[*]c1cc(C(=O)NC2CC2)ccc1C.[*]c1ccc(F)cc1F,7.77211329539,[*]c1cc2cnnc([*])c2n(C)c1=O,CHEMBL1254989,[*]c1cc(C(=O)NC2CC2)ccc1C.[*]c1ccc(F)cc1F,8.56863623584
4179,[*]c1cc2cnnc([*])c2n(C)c1=O,CHEMBL1254989,[*]c1cc(C(=O)NC2CC2)ccc1C.[*]c1ccc(F)cc1F,8.56863623584,[*]c1cc2cnn([*])c2n(C)c1=O,CHEMBL1089865,[*]c1c(F)cccc1F.[*]c1cc(C(=O)NC2CC2)ccc1C,8.55284196866
4180,[*]c1cc2cnnc([*])c2n(C)c1=O,CHEMBL1254989,[*]c1cc(C(=O)NC2CC2)ccc1C.[*]c1ccc(F)cc1F,8.56863623584,[*]c1cc2cnn([*])c2n(C)c1=O,CHEMBL1091199,[*]c1cc(C(=O)NC2CC2)ccc1C.[*]c1ccc(F)cc1F,8.33724216832
4181,[*]c1cc2cnnc([*])c2n(C)c1=O,CHEMBL1254989,[*]c1cc(C(=O)NC2CC2)ccc1C.[*]c1ccc(F)cc1F,8.56863623584,[*]c1cc2c(C)nn([*])c2n(C)c1=O,CHEMBL1091927,[*]c1c(F)cccc1F.[*]c1cc(C(=O)NC2CC2)ccc1C,7.79588001734
4182,[*]c1cc2cnnc([*])c2n(C)c1=O,CHEMBL1254989,[*]c1cc(C(=O)NC2CC2)ccc1C.[*]c1ccc(F)cc1F,8.56863623584,[*]c1cc2nnc([*])n2n(C)c1=O,CHEMBL1945715,[*]c1c(F)cccc1F.[*]c1cc(C(=O)NC2CC2)ccc1C,8.88605664769
4183,[*]c1cc2cnnc([*])c2n(C)c1=O,CHEMBL1254989,[*]c1cc(C(=O)NC2CC2)ccc1C.[*]c1ccc(F)cc1F,8.56863623584,[*]c1cc2nnc([*])n2n(C)c1=O,CHEMBL1945719,[*]c1cc(C(=O)NC2CC2)ccc1C.[*]c1ccc(F)cc1F,7.77211329539
4226,[*]c1cc2cnnc([*])c2n(C)c1=O,CHEMBL1254074,[*]Nc1ccc(F)cc1.[*]c1ccc(F)cc1F,8.65757731918,[*]c1cc(=O)n(C)c2c1cnn2[*],CHEMBL550596,[*]Nc1ccc(F)cc1.[*]c1c(F)cccc1F,6
4227,[*]c1cc(=O)n(C)c2c1cnn2[*],CHEMBL550596,[*]Nc1ccc(F)cc1.[*]c1c(F)cccc1F,6,[*]c1cc2cnnc([*])c2n(C)c1=O,CHEMBL1254074,[*]Nc1ccc(F)cc1.[*]c1ccc(F)cc1F,8.65757731918
4280,[*]c1cc2cnn([*])c2n(C)c1=O,CHEMBL1091930,[*]c1c(F)cccc1F.[*]c1cc(C(N)=O)ccc1C,8.52287874528,[*]c1cc2cnnc([*])c2n(C)c1=O,CHEMBL1255074,[*]c1cc(C(N)=O)ccc1C.[*]c1ccc(F)cc1F,8.56863623584
4281,[*]c1cc2cnnc([*])c2n(C)c1=O,CHEMBL1255074,[*]c1cc(C(N)=O)ccc1C.[*]c1ccc(F)cc1F,8.56863623584,[*]c1cc2cnn([*])c2n(C)c1=O,CHEMBL1091930,[*]c1c(F)cccc1F.[*]c1cc(C(N)=O)ccc1C,8.52287874528
4392,[*]c1ccc2c(c1)OCc1ccccc1C2=O,CHEMBL2182067,[*]Nc1cccc(NC(=O)c2cccc(N3CCOCC3)c2)c1,7.52287874528,[*]c1ccc2c(c1)CCCCC2=O,CHEMBL2177208,[*]Nc1cccc(NC(=O)c2cccc(N3CCOCC3)c2)c1,6.88605664769
4393,[*]c1ccc2c(c1)CCCCC2=O,CHEMBL2177208,[*]Nc1cccc(NC(=O)c2cccc(N3CCOCC3)c2)c1,6.88605664769,[*]c1ccc2c(c1)OCc1ccccc1C2=O,CHEMBL2182067,[*]Nc1cccc(NC(=O)c2cccc(N3CCOCC3)c2)c1,7.52287874528
4450,[*]c1ccc2c(c1)CCc1ccccc1C2=O,CHEMBL2182070,[*]Nc1cccc(NC(=O)c2ccco2)c1,7.56863623584,[*]c1ccc2c(c1)CCCCC2=O,CHEMBL2182080,[*]Nc1cccc(NC(=O)c2ccco2)c1,6.65757731918
4451,[*]c1ccc2c(c1)CCCCC2=O,CHEMBL2182080,[*]Nc1cccc(NC(=O)c2ccco2)c1,6.65757731918,[*]c1ccc2c(c1)CCc1ccccc1C2=O,CHEMBL2182070,[*]Nc1cccc(NC(=O)c2ccco2)c1,7.56863623584
4642,[*]c1ccc2c(c1)CCCCC2=O,CHEMBL2177204,[*]Nc1cccc(NC(=O)c2cccc(F)c2)c1,6.67778070527,[*]c1ccc2c(c1)OCc1ccccc1C2=O,CHEMBL2177210,[*]Nc1cccc(NC(=O)c2cccc(F)c2)c1,6.7447274949
4643,[*]c1ccc2c(c1)CCCCC2=O,CHEMBL2177204,[*]Nc1cccc(NC(=O)c2cccc(F)c2)c1,6.67778070527,[*]c1ccc2c(c1)CCc1ccccc1C2=O,CHEMBL2182100,[*]Nc1cccc(NC(=O)c2cccc(F)c2)c1,6.52287874528
4644,[*]c1ccc2c(c1)OCc1ccccc1C2=O,CHEMBL2177210,[*]Nc1cccc(NC(=O)c2cccc(F)c2)c1,6.7447274949,[*]c1ccc2c(c1)CCCCC2=O,CHEMBL2177204,[*]Nc1cccc(NC(=O)c2cccc(F)c2)c1,6.67778070527
4645,[*]c1ccc2c(c1)OCc1ccccc1C2=O,CHEMBL2177210,[*]Nc1cccc(NC(=O)c2cccc(F)c2)c1,6.7447274949,[*]c1ccc2c(c1)CCc1ccccc1C2=O,CHEMBL2182100,[*]Nc1cccc(NC(=O)c2cccc(F)c2)c1,6.52287874528
4646,[*]c1ccc2c(c1)CCc1ccccc1C2=O,CHEMBL2182100,[*]Nc1cccc(NC(=O)c2cccc(F)c2)c1,6.52287874528,[*]c1ccc2c(c1)CCCCC2=O,CHEMBL2177204,[*]Nc1cccc(NC(=O)c2cccc(F)c2)c1,6.67778070527
4647,[*]c1ccc2c(c1)CCc1ccccc1C2=O,CHEMBL2182100,[*]Nc1cccc(NC(=O)c2cccc(F)c2)c1,6.52287874528,[*]c1ccc2c(c1)OCc1ccccc1C2=O,CHEMBL2177210,[*]Nc1cccc(NC(=O)c2cccc(F)c2)c1,6.7447274949
4666,[*]c1cc2c(cc1Cl)C1(CCCC1)C(=O)N2,CHEMBL1911336,[*]c1cccc2c(NC3CC3)noc12,8.39794000867,[*]c1ccc2c(c1)NC(=O)C21CCCC1,CHEMBL1911335,[*]c1cccc2c(NC3CC3)noc12,7.42021640338
4667,[*]c1ccc2c(c1)NC(=O)C21CCCC1,CHEMBL1911335,[*]c1cccc2c(NC3CC3)noc12,7.42021640338,[*]c1cc2c(cc1Cl)C1(CCCC1)C(=O)N2,CHEMBL1911336,[*]c1cccc2c(NC3CC3)noc12,8.39794000867
4668,[*]c1cc2cnn([*])c2n(C)c1=O,CHEMBL1091929,[*]c1c(F)cccc1F.[*]c1cc(C(=O)NC2CC2)cc(F)c1C,8.79588001734,[*]c1cc2nnc([*])n2n(C)c1=O,CHEMBL1945720,[*]c1c(F)cccc1F.[*]c1cc(C(=O)NC2CC2)cc(F)c1C,7.7328282716
4669,[*]c1cc2cnn([*])c2n(C)c1=O,CHEMBL1091929,[*]c1c(F)cccc1F.[*]c1cc(C(=O)NC2CC2)cc(F)c1C,8.79588001734,[*]c1cc2cnnc([*])c2n(C)c1=O,CHEMBL1254901,[*]c1cc(C(=O)NC2CC2)cc(F)c1C.[*]c1ccc(F)cc1F,8.85387196432
4670,[*]c1cc2nnc([*])n2n(C)c1=O,CHEMBL1945720,[*]c1c(F)cccc1F.[*]c1cc(C(=O)NC2CC2)cc(F)c1C,7.7328282716,[*]c1cc2cnn([*])c2n(C)c1=O,CHEMBL1091929,[*]c1c(F)cccc1F.[*]c1cc(C(=O)NC2CC2)cc(F)c1C,8.79588001734
4671,[*]c1cc2nnc([*])n2n(C)c1=O,CHEMBL1945720,[*]c1c(F)cccc1F.[*]c1cc(C(=O)NC2CC2)cc(F)c1C,7.7328282716,[*]c1cc2cnnc([*])c2n(C)c1=O,CHEMBL1254901,[*]c1cc(C(=O)NC2CC2)cc(F)c1C.[*]c1ccc(F)cc1F,8.85387196432
4672,[*]c1cc2cnnc([*])c2n(C)c1=O,CHEMBL1254901,[*]c1cc(C(=O)NC2CC2)cc(F)c1C.[*]c1ccc(F)cc1F,8.85387196432,[*]c1cc2cnn([*])c2n(C)c1=O,CHEMBL1091929,[*]c1c(F)cccc1F.[*]c1cc(C(=O)NC2CC2)cc(F)c1C,8.79588001734
4673,[*]c1cc2cnnc([*])c2n(C)c1=O,CHEMBL1254901,[*]c1cc(C(=O)NC2CC2)cc(F)c1C.[*]c1ccc(F)cc1F,8.85387196432,[*]c1cc2nnc([*])n2n(C)c1=O,CHEMBL1945720,[*]c1c(F)cccc1F.[*]c1cc(C(=O)NC2CC2)cc(F)c1C,7.7328282716
4748,[*]c1cc2cnn([*])c2n([*])c1=O,CHEMBL1089866,[*]CC.[*]c1cc(C(=O)NC2CC2)ccc1C.[*]c1ccc(F)cc1F,8.92081875395,[*]c1cc2nnc([*])n2n([*])c1=O,CHEMBL1945722,[*]CC.[*]c1c(F)cccc1F.[*]c1cc(C(=O)NC2CC2)ccc1C,8.10790539731
4749,[*]c1cc2nnc([*])n2n([*])c1=O,CHEMBL1945722,[*]CC.[*]c1c(F)cccc1F.[*]c1cc(C(=O)NC2CC2)ccc1C,8.10790539731,[*]c1cc2cnn([*])c2n([*])c1=O,CHEMBL1089866,[*]CC.[*]c1cc(C(=O)NC2CC2)ccc1C.[*]c1ccc(F)cc1F,8.92081875395
4778,[*]c1cc2cnn([*])c2n(C)c1=O,CHEMBL1092011,[*]c1c(F)cccc1F.[*]c1cc(C(=O)NC2(C)CC2)ccc1C,8.46852108296,[*]c1cc2cnnc([*])c2n(C)c1=O,CHEMBL1254988,[*]c1cc(C(=O)NC2(C)CC2)ccc1C.[*]c1ccc(F)cc1F,8.50863830617
4779,[*]c1cc2cnnc([*])c2n(C)c1=O,CHEMBL1254988,[*]c1cc(C(=O)NC2(C)CC2)ccc1C.[*]c1ccc(F)cc1F,8.50863830617,[*]c1cc2cnn([*])c2n(C)c1=O,CHEMBL1092011,[*]c1c(F)cccc1F.[*]c1cc(C(=O)NC2(C)CC2)ccc1C,8.46852108296
4780,[*]c1ccc2c(c1)CCCCC2=O,CHEMBL2182079,[*]Nc1cccc(NC(=O)C2CC2)c1,6.0043648054,[*]c1ccc2c(c1)CCc1ccccc1C2=O,CHEMBL2182069,[*]Nc1cccc(NC(=O)C2CC2)c1,7.08092190762
4781,[*]c1ccc2c(c1)CCc1ccccc1C2=O,CHEMBL2182069,[*]Nc1cccc(NC(=O)C2CC2)c1,7.08092190762,[*]c1ccc2c(c1)CCCCC2=O,CHEMBL2182079,[*]Nc1cccc(NC(=O)C2CC2)c1,6.0043648054
7048,[*]c1ccc2nnn([*])c2c1,CHEMBL196210,[*]C(C)C.[*]c1ocnc1-c1ccc(F)cc1,9.04575749056,[*]c1ccc2nnc([*])n2c1,CHEMBL194322,[*]C(C)C.[*]c1ocnc1-c1ccc(F)cc1,8.30102999566
7049,[*]c1ccc2nnn([*])c2c1,CHEMBL196210,[*]C(C)C.[*]c1ocnc1-c1ccc(F)cc1,9.04575749056,[*]c1ccc2c(c1)n(C)c(=O)n2[*],CHEMBL195016,[*]C(C)C.[*]c1ocnc1-c1ccc(F)cc1,7.52287874528
7050,[*]c1ccc2nnc([*])n2c1,CHEMBL194322,[*]C(C)C.[*]c1ocnc1-c1ccc(F)cc1,8.30102999566,[*]c1ccc2nnn([*])c2c1,CHEMBL196210,[*]C(C)C.[*]c1ocnc1-c1ccc(F)cc1,9.04575749056
7051,[*]c1ccc2nnc([*])n2c1,CHEMBL194322,[*]C(C)C.[*]c1ocnc1-c1ccc(F)cc1,8.30102999566,[*]c1ccc2c(c1)n(C)c(=O)n2[*],CHEMBL195016,[*]C(C)C.[*]c1ocnc1-c1ccc(F)cc1,7.52287874528
7052,[*]c1ccc2c(c1)n(C)c(=O)n2[*],CHEMBL195016,[*]C(C)C.[*]c1ocnc1-c1ccc(F)cc1,7.52287874528,[*]c1ccc2nnn([*])c2c1,CHEMBL196210,[*]C(C)C.[*]c1ocnc1-c1ccc(F)cc1,9.04575749056
7053,[*]c1ccc2c(c1)n(C)c(=O)n2[*],CHEMBL195016,[*]C(C)C.[*]c1ocnc1-c1ccc(F)cc1,7.52287874528,[*]c1ccc2nnc([*])n2c1,CHEMBL194322,[*]C(C)C.[*]c1ocnc1-c1ccc(F)cc1,8.30102999566
7150,[*]c1cc2cnn([*])c2n(C)c1=O,CHEMBL1092013,[*]c1cc(C(=O)NC2CC2)ccc1C.[*]c1ccccc1F,9.7447274949,[*]c1ccc2c([*])nncc2c1,CHEMBL1088796,[*]c1cc(C(=O)NC2CC2)ccc1C.[*]c1ccccc1F,10.3010299957
7151,[*]c1ccc2c([*])nncc2c1,CHEMBL1088796,[*]c1cc(C(=O)NC2CC2)ccc1C.[*]c1ccccc1F,10.3010299957,[*]c1cc2cnn([*])c2n(C)c1=O,CHEMBL1092013,[*]c1cc(C(=O)NC2CC2)ccc1C.[*]c1ccccc1F,9.7447274949
7154,[*]c1ccc2c(c1)CCc1ccccc1C2=O,CHEMBL2177214,[*]Nc1ccc(C)c(NC(=O)c2ccccc2)c1,8,[*]c1ccc2c(c1)CCCCC2=O,CHEMBL2177218,[*]Nc1ccc(C)c(NC(=O)c2ccccc2)c1,6.92081875395
7155,[*]c1ccc2c(c1)CCc1ccccc1C2=O,CHEMBL2177214,[*]Nc1ccc(C)c(NC(=O)c2ccccc2)c1,8,[*]c1ccc2c(c1)OCc1ccccc1C2=O,CHEMBL2177223,[*]Nc1ccc(C)c(NC(=O)c2ccccc2)c1,7.60205999133
7156,[*]c1ccc2c(c1)CCCCC2=O,CHEMBL2177218,[*]Nc1ccc(C)c(NC(=O)c2ccccc2)c1,6.92081875395,[*]c1ccc2c(c1)CCc1ccccc1C2=O,CHEMBL2177214,[*]Nc1ccc(C)c(NC(=O)c2ccccc2)c1,8
7157,[*]c1ccc2c(c1)CCCCC2=O,CHEMBL2177218,[*]Nc1ccc(C)c(NC(=O)c2ccccc2)c1,6.92081875395,[*]c1ccc2c(c1)OCc1ccccc1C2=O,CHEMBL2177223,[*]Nc1ccc(C)c(NC(=O)c2ccccc2)c1,7.60205999133
7158,[*]c1ccc2c(c1)OCc1ccccc1C2=O,CHEMBL2177223,[*]Nc1ccc(C)c(NC(=O)c2ccccc2)c1,7.60205999133,[*]c1ccc2c(c1)CCc1ccccc1C2=O,CHEMBL2177214,[*]Nc1ccc(C)c(NC(=O)c2ccccc2)c1,8
7159,[*]c1ccc2c(c1)OCc1ccccc1C2=O,CHEMBL2177223,[*]Nc1ccc(C)c(NC(=O)c2ccccc2)c1,7.60205999133,[*]c1ccc2c(c1)CCCCC2=O,CHEMBL2177218,[*]Nc1ccc(C)c(NC(=O)c2ccccc2)c1,6.92081875395
7856,[*]c1cc2cnn([*])c2n(C)c1=O,CHEMBL1091928,[*]c1c(F)cccc1F.[*]c1cc(C(=O)NC2CC2)ccc1Cl,8.65757731918,[*]c1cc2cnnc([*])c2n(C)c1=O,CHEMBL1254900,[*]c1cc(C(=O)NC2CC2)ccc1Cl.[*]c1ccc(F)cc1F,8.58502665203
7857,[*]c1cc2cnnc([*])c2n(C)c1=O,CHEMBL1254900,[*]c1cc(C(=O)NC2CC2)ccc1Cl.[*]c1ccc(F)cc1F,8.58502665203,[*]c1cc2cnn([*])c2n(C)c1=O,CHEMBL1091928,[*]c1c(F)cccc1F.[*]c1cc(C(=O)NC2CC2)ccc1Cl,8.65757731918
7868,[*]c1ccc2nc(C)n([*])c(=O)c2c1,CHEMBL2031228,[*]N1CCN(C)CC1.[*]c1cc(NC(=O)c2ccc(C#N)cc2)ccc1C,5.0399999235,[*]c1ccc2ncn([*])c(=O)c2c1,CHEMBL2031227,[*]N1CCN(C)CC1.[*]c1cc(NC(=O)c2ccc(C#N)cc2)ccc1C,7.46004615834
7869,[*]c1ccc2ncn([*])c(=O)c2c1,CHEMBL2031227,[*]N1CCN(C)CC1.[*]c1cc(NC(=O)c2ccc(C#N)cc2)ccc1C,7.46004615834,[*]c1ccc2nc(C)n([*])c(=O)c2c1,CHEMBL2031228,[*]N1CCN(C)CC1.[*]c1cc(NC(=O)c2ccc(C#N)cc2)ccc1C,5.0399999235
7998,[*]c1cc2c(cn1)C1(CCCC1)C(=O)N2,CHEMBL1825157,[*]c1cc(C(=O)NC2CC2)ccc1C,7.19382002602,[*]c1ccc2c(c1)NC(=O)C21CCC(F)(F)CC1,CHEMBL1825153,[*]c1cc(C(=O)NC2CC2)ccc1C,8.7447274949
7999,[*]c1cc2c(cn1)C1(CCCC1)C(=O)N2,CHEMBL1825157,[*]c1cc(C(=O)NC2CC2)ccc1C,7.19382002602,[*]c1ccc2c(c1)NC(=O)C21CCCC1,CHEMBL1800911,[*]c1cc(C(=O)NC2CC2)ccc1C,7.7447274949
8000,[*]c1cc2c(cn1)C1(CCCC1)C(=O)N2,CHEMBL1825157,[*]c1cc(C(=O)NC2CC2)ccc1C,7.19382002602,[*]c1ccc2c(c1)NC(=O)C2(C)C,CHEMBL1800909,[*]c1cc(C(=O)NC2CC2)ccc1C,8.30102999566
8001,[*]c1cc2c(cn1)C1(CCCC1)C(=O)N2,CHEMBL1825157,[*]c1cc(C(=O)NC2CC2)ccc1C,7.19382002602,[*]c1ccc2c(c1)NC(=O)C21CCCCC1,CHEMBL1825143,[*]c1cc(C(=O)NC2CC2)ccc1C,7.95860731484
8002,[*]c1cc2c(cn1)C1(CCCC1)C(=O)N2,CHEMBL1825157,[*]c1cc(C(=O)NC2CC2)ccc1C,7.19382002602,[*]c1ncc2c(n1)NC(=O)C21CCCC1,CHEMBL1825162,[*]c1cc(C(=O)NC2CC2)ccc1C,5.95979337243
8003,[*]c1cc2c(cn1)C1(CCCC1)C(=O)N2,CHEMBL1825157,[*]c1cc(C(=O)NC2CC2)ccc1C,7.19382002602,[*]c1ccc2c(c1)NC(=O)C21CCC(O)CC1,CHEMBL1825152,[*]c1cc(C(=O)NC2CC2)ccc1C,7.95860731484
8004,[*]c1cc2c(cn1)C1(CCCC1)C(=O)N2,CHEMBL1825157,[*]c1cc(C(=O)NC2CC2)ccc1C,7.19382002602,[*]c1ccc2c(c1)NC(=O)C21CCOCC1,CHEMBL1825147,[*]c1cc(C(=O)NC2CC2)ccc1C,8.78251605579
8005,[*]c1cc2c(cn1)C1(CCCC1)C(=O)N2,CHEMBL1825157,[*]c1cc(C(=O)NC2CC2)ccc1C,7.19382002602,[*]c1cnc2c(c1)NC(=O)C21CCC(F)(F)CC1,CHEMBL1825160,[*]c1cc(C(=O)NC2CC2)ccc1C,8.63827216398
8006,[*]c1cc2c(cn1)C1(CCCC1)C(=O)N2,CHEMBL1825157,[*]c1cc(C(=O)NC2CC2)ccc1C,7.19382002602,[*]c1ccc2c(c1)NC(=O)C21CCN(C)CC1,CHEMBL1825145,[*]c1cc(C(=O)NC2CC2)ccc1C,8.28399665637
8007,[*]c1cc2c(cn1)C1(CCCC1)C(=O)N2,CHEMBL1825157,[*]c1cc(C(=O)NC2CC2)ccc1C,7.19382002602,[*]c1cnc2c(c1)NC(=O)C2(C)C,CHEMBL1825161,[*]c1cc(C(=O)NC2CC2)ccc1C,6.2644011003
8008,[*]c1cc2c(cn1)C1(CCCC1)C(=O)N2,CHEMBL1825157,[*]c1cc(C(=O)NC2CC2)ccc1C,7.19382002602,[*]c1ccc2c(c1)NC(=O)C21CCC1,CHEMBL1800910,[*]c1cc(C(=O)NC2CC2)ccc1C,8.85387196432
8009,[*]c1cc2c(cn1)C1(CCCC1)C(=O)N2,CHEMBL1825157,[*]c1cc(C(=O)NC2CC2)ccc1C,7.19382002602,[*]c1cnc2c(c1)NC(=O)C21CCCC1,CHEMBL1825158,[*]c1cc(C(=O)NC2CC2)ccc1C,7.16115090926
8010,[*]c1cc2c(cn1)C1(CCCC1)C(=O)N2,CHEMBL1825157,[*]c1cc(C(=O)NC2CC2)ccc1C,7.19382002602,[*]c1ccc2c(c1)NC(=O)C21CCS(=O)(=O)CC1,CHEMBL1825150,[*]c1cc(C(=O)NC2CC2)ccc1C,7.12493873661
8011,[*]c1cc2c(cn1)C1(CCCC1)C(=O)N2,CHEMBL1825157,[*]c1cc(C(=O)NC2CC2)ccc1C,7.19382002602,[*]c1ccc2c(n1)NC(=O)C21CCCC1,CHEMBL1825156,[*]c1cc(C(=O)NC2CC2)ccc1C,8.25181197299
8012,[*]c1cc2c(cn1)C1(CCCC1)C(=O)N2,CHEMBL1825157,[*]c1cc(C(=O)NC2CC2)ccc1C,7.19382002602,[*]c1cnc2c(c1)NC(=O)C21CCOCC1,CHEMBL1825159,[*]c1cc(C(=O)NC2CC2)ccc1C,7.88605664769
8013,[*]c1cc2c(cn1)C1(CCCC1)C(=O)N2,CHEMBL1825157,[*]c1cc(C(=O)NC2CC2)ccc1C,7.19382002602,[*]c1ccc2c(c1)NC(=O)C21CCSCC1,CHEMBL1825149,[*]c1cc(C(=O)NC2CC2)ccc1C,10.096910013
8014,[*]c1cc2c(cn1)C1(CCCC1)C(=O)N2,CHEMBL1825157,[*]c1cc(C(=O)NC2CC2)ccc1C,7.19382002602,[*]c1ccc2c(c1)NC(=O)C2(CCO)CCO,CHEMBL1825144,[*]c1cc(C(=O)NC2CC2)ccc1C,5.34008379993
8015,[*]c1ccc2c(c1)NC(=O)C21CCC(F)(F)CC1,CHEMBL1825153,[*]c1cc(C(=O)NC2CC2)ccc1C,8.7447274949,[*]c1cc2c(cn1)C1(CCCC1)C(=O)N2,CHEMBL1825157,[*]c1cc(C(=O)NC2CC2)ccc1C,7.19382002602
8016,[*]c1ccc2c(c1)NC(=O)C21CCC(F)(F)CC1,CHEMBL1825153,[*]c1cc(C(=O)NC2CC2)ccc1C,8.7447274949,[*]c1ccc2c(c1)NC(=O)C21CCCC1,CHEMBL1800911,[*]c1cc(C(=O)NC2CC2)ccc1C,7.7447274949
8017,[*]c1ccc2c(c1)NC(=O)C21CCC(F)(F)CC1,CHEMBL1825153,[*]c1cc(C(=O)NC2CC2)ccc1C,8.7447274949,[*]c1ccc2c(c1)NC(=O)C2(C)C,CHEMBL1800909,[*]c1cc(C(=O)NC2CC2)ccc1C,8.30102999566
8018,[*]c1ccc2c(c1)NC(=O)C21CCC(F)(F)CC1,CHEMBL1825153,[*]c1cc(C(=O)NC2CC2)ccc1C,8.7447274949,[*]c1ccc2c(c1)NC(=O)C21CCCCC1,CHEMBL1825143,[*]c1cc(C(=O)NC2CC2)ccc1C,7.95860731484
8019,[*]c1ccc2c(c1)NC(=O)C21CCC(F)(F)CC1,CHEMBL1825153,[*]c1cc(C(=O)NC2CC2)ccc1C,8.7447274949,[*]c1ncc2c(n1)NC(=O)C21CCCC1,CHEMBL1825162,[*]c1cc(C(=O)NC2CC2)ccc1C,5.95979337243
8020,[*]c1ccc2c(c1)NC(=O)C21CCC(F)(F)CC1,CHEMBL1825153,[*]c1cc(C(=O)NC2CC2)ccc1C,8.7447274949,[*]c1ccc2c(c1)NC(=O)C21CCC(O)CC1,CHEMBL1825152,[*]c1cc(C(=O)NC2CC2)ccc1C,7.95860731484
8021,[*]c1ccc2c(c1)NC(=O)C21CCC(F)(F)CC1,CHEMBL1825153,[*]c1cc(C(=O)NC2CC2)ccc1C,8.7447274949,[*]c1ccc2c(c1)NC(=O)C21CCOCC1,CHEMBL1825147,[*]c1cc(C(=O)NC2CC2)ccc1C,8.78251605579
8022,[*]c1ccc2c(c1)NC(=O)C21CCC(F)(F)CC1,CHEMBL1825153,[*]c1cc(C(=O)NC2CC2)ccc1C,8.7447274949,[*]c1cnc2c(c1)NC(=O)C21CCC(F)(F)CC1,CHEMBL1825160,[*]c1cc(C(=O)NC2CC2)ccc1C,8.63827216398
8023,[*]c1ccc2c(c1)NC(=O)C21CCC(F)(F)CC1,CHEMBL1825153,[*]c1cc(C(=O)NC2CC2)ccc1C,8.7447274949,[*]c1ccc2c(c1)NC(=O)C21CCN(C)CC1,CHEMBL1825145,[*]c1cc(C(=O)NC2CC2)ccc1C,8.28399665637
8024,[*]c1ccc2c(c1)NC(=O)C21CCC(F)(F)CC1,CHEMBL1825153,[*]c1cc(C(=O)NC2CC2)ccc1C,8.7447274949,[*]c1cnc2c(c1)NC(=O)C2(C)C,CHEMBL1825161,[*]c1cc(C(=O)NC2CC2)ccc1C,6.2644011003
8025,[*]c1ccc2c(c1)NC(=O)C21CCC(F)(F)CC1,CHEMBL1825153,[*]c1cc(C(=O)NC2CC2)ccc1C,8.7447274949,[*]c1ccc2c(c1)NC(=O)C21CCC1,CHEMBL1800910,[*]c1cc(C(=O)NC2CC2)ccc1C,8.85387196432
8026,[*]c1ccc2c(c1)NC(=O)C21CCC(F)(F)CC1,CHEMBL1825153,[*]c1cc(C(=O)NC2CC2)ccc1C,8.7447274949,[*]c1cnc2c(c1)NC(=O)C21CCCC1,CHEMBL1825158,[*]c1cc(C(=O)NC2CC2)ccc1C,7.16115090926
8027,[*]c1ccc2c(c1)NC(=O)C21CCC(F)(F)CC1,CHEMBL1825153,[*]c1cc(C(=O)NC2CC2)ccc1C,8.7447274949,[*]c1ccc2c(c1)NC(=O)C21CCS(=O)(=O)CC1,CHEMBL1825150,[*]c1cc(C(=O)NC2CC2)ccc1C,7.12493873661
8028,[*]c1ccc2c(c1)NC(=O)C21CCC(F)(F)CC1,CHEMBL1825153,[*]c1cc(C(=O)NC2CC2)ccc1C,8.7447274949,[*]c1ccc2c(n1)NC(=O)C21CCCC1,CHEMBL1825156,[*]c1cc(C(=O)NC2CC2)ccc1C,8.25181197299
8029,[*]c1ccc2c(c1)NC(=O)C21CCC(F)(F)CC1,CHEMBL1825153,[*]c1cc(C(=O)NC2CC2)ccc1C,8.7447274949,[*]c1cnc2c(c1)NC(=O)C21CCOCC1,CHEMBL1825159,[*]c1cc(C(=O)NC2CC2)ccc1C,7.88605664769
8030,[*]c1ccc2c(c1)NC(=O)C21CCC(F)(F)CC1,CHEMBL1825153,[*]c1cc(C(=O)NC2CC2)ccc1C,8.7447274949,[*]c1ccc2c(c1)NC(=O)C21CCSCC1,CHEMBL1825149,[*]c1cc(C(=O)NC2CC2)ccc1C,10.096910013
8031,[*]c1ccc2c(c1)NC(=O)C21CCC(F)(F)CC1,CHEMBL1825153,[*]c1cc(C(=O)NC2CC2)ccc1C,8.7447274949,[*]c1ccc2c(c1)NC(=O)C2(CCO)CCO,CHEMBL1825144,[*]c1cc(C(=O)NC2CC2)ccc1C,5.34008379993
8032,[*]c1ccc2c(c1)NC(=O)C21CCCC1,CHEMBL1800911,[*]c1cc(C(=O)NC2CC2)ccc1C,7.7447274949,[*]c1cc2c(cn1)C1(CCCC1)C(=O)N2,CHEMBL1825157,[*]c1cc(C(=O)NC2CC2)ccc1C,7.19382002602
8033,[*]c1ccc2c(c1)NC(=O)C21CCCC1,CHEMBL1800911,[*]c1cc(C(=O)NC2CC2)ccc1C,7.7447274949,[*]c1ccc2c(c1)NC(=O)C21CCC(F)(F)CC1,CHEMBL1825153,[*]c1cc(C(=O)NC2CC2)ccc1C,8.7447274949
8034,[*]c1ccc2c(c1)NC(=O)C21CCCC1,CHEMBL1800911,[*]c1cc(C(=O)NC2CC2)ccc1C,7.7447274949,[*]c1ccc2c(c1)NC(=O)C2(C)C,CHEMBL1800909,[*]c1cc(C(=O)NC2CC2)ccc1C,8.30102999566
8035,[*]c1ccc2c(c1)NC(=O)C21CCCC1,CHEMBL1800911,[*]c1cc(C(=O)NC2CC2)ccc1C,7.7447274949,[*]c1ccc2c(c1)NC(=O)C21CCCCC1,CHEMBL1825143,[*]c1cc(C(=O)NC2CC2)ccc1C,7.95860731484
8036,[*]c1ccc2c(c1)NC(=O)C21CCCC1,CHEMBL1800911,[*]c1cc(C(=O)NC2CC2)ccc1C,7.7447274949,[*]c1ncc2c(n1)NC(=O)C21CCCC1,CHEMBL1825162,[*]c1cc(C(=O)NC2CC2)ccc1C,5.95979337243
8037,[*]c1ccc2c(c1)NC(=O)C21CCCC1,CHEMBL1800911,[*]c1cc(C(=O)NC2CC2)ccc1C,7.7447274949,[*]c1ccc2c(c1)NC(=O)C21CCC(O)CC1,CHEMBL1825152,[*]c1cc(C(=O)NC2CC2)ccc1C,7.95860731484
8038,[*]c1ccc2c(c1)NC(=O)C21CCCC1,CHEMBL1800911,[*]c1cc(C(=O)NC2CC2)ccc1C,7.7447274949,[*]c1ccc2c(c1)NC(=O)C21CCOCC1,CHEMBL1825147,[*]c1cc(C(=O)NC2CC2)ccc1C,8.78251605579
8039,[*]c1ccc2c(c1)NC(=O)C21CCCC1,CHEMBL1800911,[*]c1cc(C(=O)NC2CC2)ccc1C,7.7447274949,[*]c1cnc2c(c1)NC(=O)C21CCC(F)(F)CC1,CHEMBL1825160,[*]c1cc(C(=O)NC2CC2)ccc1C,8.63827216398
8040,[*]c1ccc2c(c1)NC(=O)C21CCCC1,CHEMBL1800911,[*]c1cc(C(=O)NC2CC2)ccc1C,7.7447274949,[*]c1ccc2c(c1)NC(=O)C21CCN(C)CC1,CHEMBL1825145,[*]c1cc(C(=O)NC2CC2)ccc1C,8.28399665637
8041,[*]c1ccc2c(c1)NC(=O)C21CCCC1,CHEMBL1800911,[*]c1cc(C(=O)NC2CC2)ccc1C,7.7447274949,[*]c1cnc2c(c1)NC(=O)C2(C)C,CHEMBL1825161,[*]c1cc(C(=O)NC2CC2)ccc1C,6.2644011003
8042,[*]c1ccc2c(c1)NC(=O)C21CCCC1,CHEMBL1800911,[*]c1cc(C(=O)NC2CC2)ccc1C,7.7447274949,[*]c1ccc2c(c1)NC(=O)C21CCC1,CHEMBL1800910,[*]c1cc(C(=O)NC2CC2)ccc1C,8.85387196432
8043,[*]c1ccc2c(c1)NC(=O)C21CCCC1,CHEMBL1800911,[*]c1cc(C(=O)NC2CC2)ccc1C,7.7447274949,[*]c1cnc2c(c1)NC(=O)C21CCCC1,CHEMBL1825158,[*]c1cc(C(=O)NC2CC2)ccc1C,7.16115090926
8044,[*]c1ccc2c(c1)NC(=O)C21CCCC1,CHEMBL1800911,[*]c1cc(C(=O)NC2CC2)ccc1C,7.7447274949,[*]c1ccc2c(c1)NC(=O)C21CCS(=O)(=O)CC1,CHEMBL1825150,[*]c1cc(C(=O)NC2CC2)ccc1C,7.12493873661
8045,[*]c1ccc2c(c1)NC(=O)C21CCCC1,CHEMBL1800911,[*]c1cc(C(=O)NC2CC2)ccc1C,7.7447274949,[*]c1ccc2c(n1)NC(=O)C21CCCC1,CHEMBL1825156,[*]c1cc(C(=O)NC2CC2)ccc1C,8.25181197299
8046,[*]c1ccc2c(c1)NC(=O)C21CCCC1,CHEMBL1800911,[*]c1cc(C(=O)NC2CC2)ccc1C,7.7447274949,[*]c1cnc2c(c1)NC(=O)C21CCOCC1,CHEMBL1825159,[*]c1cc(C(=O)NC2CC2)ccc1C,7.88605664769
8047,[*]c1ccc2c(c1)NC(=O)C21CCCC1,CHEMBL1800911,[*]c1cc(C(=O)NC2CC2)ccc1C,7.7447274949,[*]c1ccc2c(c1)NC(=O)C21CCSCC1,CHEMBL1825149,[*]c1cc(C(=O)NC2CC2)ccc1C,10.096910013
8048,[*]c1ccc2c(c1)NC(=O)C21CCCC1,CHEMBL1800911,[*]c1cc(C(=O)NC2CC2)ccc1C,7.7447274949,[*]c1ccc2c(c1)NC(=O)C2(CCO)CCO,CHEMBL1825144,[*]c1cc(C(=O)NC2CC2)ccc1C,5.34008379993
8049,[*]c1ccc2c(c1)NC(=O)C2(C)C,CHEMBL1800909,[*]c1cc(C(=O)NC2CC2)ccc1C,8.30102999566,[*]c1cc2c(cn1)C1(CCCC1)C(=O)N2,CHEMBL1825157,[*]c1cc(C(=O)NC2CC2)ccc1C,7.19382002602
8050,[*]c1ccc2c(c1)NC(=O)C2(C)C,CHEMBL1800909,[*]c1cc(C(=O)NC2CC2)ccc1C,8.30102999566,[*]c1ccc2c(c1)NC(=O)C21CCC(F)(F)CC1,CHEMBL1825153,[*]c1cc(C(=O)NC2CC2)ccc1C,8.7447274949
8051,[*]c1ccc2c(c1)NC(=O)C2(C)C,CHEMBL1800909,[*]c1cc(C(=O)NC2CC2)ccc1C,8.30102999566,[*]c1ccc2c(c1)NC(=O)C21CCCC1,CHEMBL1800911,[*]c1cc(C(=O)NC2CC2)ccc1C,7.7447274949
8052,[*]c1ccc2c(c1)NC(=O)C2(C)C,CHEMBL1800909,[*]c1cc(C(=O)NC2CC2)ccc1C,8.30102999566,[*]c1ccc2c(c1)NC(=O)C21CCCCC1,CHEMBL1825143,[*]c1cc(C(=O)NC2CC2)ccc1C,7.95860731484
8053,[*]c1ccc2c(c1)NC(=O)C2(C)C,CHEMBL1800909,[*]c1cc(C(=O)NC2CC2)ccc1C,8.30102999566,[*]c1ncc2c(n1)NC(=O)C21CCCC1,CHEMBL1825162,[*]c1cc(C(=O)NC2CC2)ccc1C,5.95979337243
8054,[*]c1ccc2c(c1)NC(=O)C2(C)C,CHEMBL1800909,[*]c1cc(C(=O)NC2CC2)ccc1C,8.30102999566,[*]c1ccc2c(c1)NC(=O)C21CCC(O)CC1,CHEMBL1825152,[*]c1cc(C(=O)NC2CC2)ccc1C,7.95860731484
8055,[*]c1ccc2c(c1)NC(=O)C2(C)C,CHEMBL1800909,[*]c1cc(C(=O)NC2CC2)ccc1C,8.30102999566,[*]c1ccc2c(c1)NC(=O)C21CCOCC1,CHEMBL1825147,[*]c1cc(C(=O)NC2CC2)ccc1C,8.78251605579
8056,[*]c1ccc2c(c1)NC(=O)C2(C)C,CHEMBL1800909,[*]c1cc(C(=O)NC2CC2)ccc1C,8.30102999566,[*]c1cnc2c(c1)NC(=O)C21CCC(F)(F)CC1,CHEMBL1825160,[*]c1cc(C(=O)NC2CC2)ccc1C,8.63827216398
8057,[*]c1ccc2c(c1)NC(=O)C2(C)C,CHEMBL1800909,[*]c1cc(C(=O)NC2CC2)ccc1C,8.30102999566,[*]c1ccc2c(c1)NC(=O)C21CCN(C)CC1,CHEMBL1825145,[*]c1cc(C(=O)NC2CC2)ccc1C,8.28399665637
8058,[*]c1ccc2c(c1)NC(=O)C2(C)C,CHEMBL1800909,[*]c1cc(C(=O)NC2CC2)ccc1C,8.30102999566,[*]c1cnc2c(c1)NC(=O)C2(C)C,CHEMBL1825161,[*]c1cc(C(=O)NC2CC2)ccc1C,6.2644011003
8059,[*]c1ccc2c(c1)NC(=O)C2(C)C,CHEMBL1800909,[*]c1cc(C(=O)NC2CC2)ccc1C,8.30102999566,[*]c1ccc2c(c1)NC(=O)C21CCC1,CHEMBL1800910,[*]c1cc(C(=O)NC2CC2)ccc1C,8.85387196432
8060,[*]c1ccc2c(c1)NC(=O)C2(C)C,CHEMBL1800909,[*]c1cc(C(=O)NC2CC2)ccc1C,8.30102999566,[*]c1cnc2c(c1)NC(=O)C21CCCC1,CHEMBL1825158,[*]c1cc(C(=O)NC2CC2)ccc1C,7.16115090926
8061,[*]c1ccc2c(c1)NC(=O)C2(C)C,CHEMBL1800909,[*]c1cc(C(=O)NC2CC2)ccc1C,8.30102999566,[*]c1ccc2c(c1)NC(=O)C21CCS(=O)(=O)CC1,CHEMBL1825150,[*]c1cc(C(=O)NC2CC2)ccc1C,7.12493873661
8062,[*]c1ccc2c(c1)NC(=O)C2(C)C,CHEMBL1800909,[*]c1cc(C(=O)NC2CC2)ccc1C,8.30102999566,[*]c1ccc2c(n1)NC(=O)C21CCCC1,CHEMBL1825156,[*]c1cc(C(=O)NC2CC2)ccc1C,8.25181197299
8063,[*]c1ccc2c(c1)NC(=O)C2(C)C,CHEMBL1800909,[*]c1cc(C(=O)NC2CC2)ccc1C,8.30102999566,[*]c1cnc2c(c1)NC(=O)C21CCOCC1,CHEMBL1825159,[*]c1cc(C(=O)NC2CC2)ccc1C,7.88605664769
8064,[*]c1ccc2c(c1)NC(=O)C2(C)C,CHEMBL1800909,[*]c1cc(C(=O)NC2CC2)ccc1C,8.30102999566,[*]c1ccc2c(c1)NC(=O)C21CCSCC1,CHEMBL1825149,[*]c1cc(C(=O)NC2CC2)ccc1C,10.096910013
8065,[*]c1ccc2c(c1)NC(=O)C2(C)C,CHEMBL1800909,[*]c1cc(C(=O)NC2CC2)ccc1C,8.30102999566,[*]c1ccc2c(c1)NC(=O)C2(CCO)CCO,CHEMBL1825144,[*]c1cc(C(=O)NC2CC2)ccc1C,5.34008379993
8066,[*]c1ccc2c(c1)NC(=O)C21CCCCC1,CHEMBL1825143,[*]c1cc(C(=O)NC2CC2)ccc1C,7.95860731484,[*]c1cc2c(cn1)C1(CCCC1)C(=O)N2,CHEMBL1825157,[*]c1cc(C(=O)NC2CC2)ccc1C,7.19382002602
8067,[*]c1ccc2c(c1)NC(=O)C21CCCCC1,CHEMBL1825143,[*]c1cc(C(=O)NC2CC2)ccc1C,7.95860731484,[*]c1ccc2c(c1)NC(=O)C21CCC(F)(F)CC1,CHEMBL1825153,[*]c1cc(C(=O)NC2CC2)ccc1C,8.7447274949
8068,[*]c1ccc2c(c1)NC(=O)C21CCCCC1,CHEMBL1825143,[*]c1cc(C(=O)NC2CC2)ccc1C,7.95860731484,[*]c1ccc2c(c1)NC(=O)C21CCCC1,CHEMBL1800911,[*]c1cc(C(=O)NC2CC2)ccc1C,7.7447274949
8069,[*]c1ccc2c(c1)NC(=O)C21CCCCC1,CHEMBL1825143,[*]c1cc(C(=O)NC2CC2)ccc1C,7.95860731484,[*]c1ccc2c(c1)NC(=O)C2(C)C,CHEMBL1800909,[*]c1cc(C(=O)NC2CC2)ccc1C,8.30102999566
8070,[*]c1ccc2c(c1)NC(=O)C21CCCCC1,CHEMBL1825143,[*]c1cc(C(=O)NC2CC2)ccc1C,7.95860731484,[*]c1ncc2c(n1)NC(=O)C21CCCC1,CHEMBL1825162,[*]c1cc(C(=O)NC2CC2)ccc1C,5.95979337243
8072,[*]c1ccc2c(c1)NC(=O)C21CCCCC1,CHEMBL1825143,[*]c1cc(C(=O)NC2CC2)ccc1C,7.95860731484,[*]c1ccc2c(c1)NC(=O)C21CCOCC1,CHEMBL1825147,[*]c1cc(C(=O)NC2CC2)ccc1C,8.78251605579
8073,[*]c1ccc2c(c1)NC(=O)C21CCCCC1,CHEMBL1825143,[*]c1cc(C(=O)NC2CC2)ccc1C,7.95860731484,[*]c1cnc2c(c1)NC(=O)C21CCC(F)(F)CC1,CHEMBL1825160,[*]c1cc(C(=O)NC2CC2)ccc1C,8.63827216398
8074,[*]c1ccc2c(c1)NC(=O)C21CCCCC1,CHEMBL1825143,[*]c1cc(C(=O)NC2CC2)ccc1C,7.95860731484,[*]c1ccc2c(c1)NC(=O)C21CCN(C)CC1,CHEMBL1825145,[*]c1cc(C(=O)NC2CC2)ccc1C,8.28399665637
8075,[*]c1ccc2c(c1)NC(=O)C21CCCCC1,CHEMBL1825143,[*]c1cc(C(=O)NC2CC2)ccc1C,7.95860731484,[*]c1cnc2c(c1)NC(=O)C2(C)C,CHEMBL1825161,[*]c1cc(C(=O)NC2CC2)ccc1C,6.2644011003
8076,[*]c1ccc2c(c1)NC(=O)C21CCCCC1,CHEMBL1825143,[*]c1cc(C(=O)NC2CC2)ccc1C,7.95860731484,[*]c1ccc2c(c1)NC(=O)C21CCC1,CHEMBL1800910,[*]c1cc(C(=O)NC2CC2)ccc1C,8.85387196432
8077,[*]c1ccc2c(c1)NC(=O)C21CCCCC1,CHEMBL1825143,[*]c1cc(C(=O)NC2CC2)ccc1C,7.95860731484,[*]c1cnc2c(c1)NC(=O)C21CCCC1,CHEMBL1825158,[*]c1cc(C(=O)NC2CC2)ccc1C,7.16115090926
8078,[*]c1ccc2c(c1)NC(=O)C21CCCCC1,CHEMBL1825143,[*]c1cc(C(=O)NC2CC2)ccc1C,7.95860731484,[*]c1ccc2c(c1)NC(=O)C21CCS(=O)(=O)CC1,CHEMBL1825150,[*]c1cc(C(=O)NC2CC2)ccc1C,7.12493873661
8079,[*]c1ccc2c(c1)NC(=O)C21CCCCC1,CHEMBL1825143,[*]c1cc(C(=O)NC2CC2)ccc1C,7.95860731484,[*]c1ccc2c(n1)NC(=O)C21CCCC1,CHEMBL1825156,[*]c1cc(C(=O)NC2CC2)ccc1C,8.25181197299
8080,[*]c1ccc2c(c1)NC(=O)C21CCCCC1,CHEMBL1825143,[*]c1cc(C(=O)NC2CC2)ccc1C,7.95860731484,[*]c1cnc2c(c1)NC(=O)C21CCOCC1,CHEMBL1825159,[*]c1cc(C(=O)NC2CC2)ccc1C,7.88605664769
8081,[*]c1ccc2c(c1)NC(=O)C21CCCCC1,CHEMBL1825143,[*]c1cc(C(=O)NC2CC2)ccc1C,7.95860731484,[*]c1ccc2c(c1)NC(=O)C21CCSCC1,CHEMBL1825149,[*]c1cc(C(=O)NC2CC2)ccc1C,10.096910013
8082,[*]c1ccc2c(c1)NC(=O)C21CCCCC1,CHEMBL1825143,[*]c1cc(C(=O)NC2CC2)ccc1C,7.95860731484,[*]c1ccc2c(c1)NC(=O)C2(CCO)CCO,CHEMBL1825144,[*]c1cc(C(=O)NC2CC2)ccc1C,5.34008379993
8083,[*]c1ncc2c(n1)NC(=O)C21CCCC1,CHEMBL1825162,[*]c1cc(C(=O)NC2CC2)ccc1C,5.95979337243,[*]c1cc2c(cn1)C1(CCCC1)C(=O)N2,CHEMBL1825157,[*]c1cc(C(=O)NC2CC2)ccc1C,7.19382002602
8084,[*]c1ncc2c(n1)NC(=O)C21CCCC1,CHEMBL1825162,[*]c1cc(C(=O)NC2CC2)ccc1C,5.95979337243,[*]c1ccc2c(c1)NC(=O)C21CCC(F)(F)CC1,CHEMBL1825153,[*]c1cc(C(=O)NC2CC2)ccc1C,8.7447274949
8085,[*]c1ncc2c(n1)NC(=O)C21CCCC1,CHEMBL1825162,[*]c1cc(C(=O)NC2CC2)ccc1C,5.95979337243,[*]c1ccc2c(c1)NC(=O)C21CCCC1,CHEMBL1800911,[*]c1cc(C(=O)NC2CC2)ccc1C,7.7447274949
8086,[*]c1ncc2c(n1)NC(=O)C21CCCC1,CHEMBL1825162,[*]c1cc(C(=O)NC2CC2)ccc1C,5.95979337243,[*]c1ccc2c(c1)NC(=O)C2(C)C,CHEMBL1800909,[*]c1cc(C(=O)NC2CC2)ccc1C,8.30102999566
8087,[*]c1ncc2c(n1)NC(=O)C21CCCC1,CHEMBL1825162,[*]c1cc(C(=O)NC2CC2)ccc1C,5.95979337243,[*]c1ccc2c(c1)NC(=O)C21CCCCC1,CHEMBL1825143,[*]c1cc(C(=O)NC2CC2)ccc1C,7.95860731484
8088,[*]c1ncc2c(n1)NC(=O)C21CCCC1,CHEMBL1825162,[*]c1cc(C(=O)NC2CC2)ccc1C,5.95979337243,[*]c1ccc2c(c1)NC(=O)C21CCC(O)CC1,CHEMBL1825152,[*]c1cc(C(=O)NC2CC2)ccc1C,7.95860731484
8089,[*]c1ncc2c(n1)NC(=O)C21CCCC1,CHEMBL1825162,[*]c1cc(C(=O)NC2CC2)ccc1C,5.95979337243,[*]c1ccc2c(c1)NC(=O)C21CCOCC1,CHEMBL1825147,[*]c1cc(C(=O)NC2CC2)ccc1C,8.78251605579
8090,[*]c1ncc2c(n1)NC(=O)C21CCCC1,CHEMBL1825162,[*]c1cc(C(=O)NC2CC2)ccc1C,5.95979337243,[*]c1cnc2c(c1)NC(=O)C21CCC(F)(F)CC1,CHEMBL1825160,[*]c1cc(C(=O)NC2CC2)ccc1C,8.63827216398
8091,[*]c1ncc2c(n1)NC(=O)C21CCCC1,CHEMBL1825162,[*]c1cc(C(=O)NC2CC2)ccc1C,5.95979337243,[*]c1ccc2c(c1)NC(=O)C21CCN(C)CC1,CHEMBL1825145,[*]c1cc(C(=O)NC2CC2)ccc1C,8.28399665637
8092,[*]c1ncc2c(n1)NC(=O)C21CCCC1,CHEMBL1825162,[*]c1cc(C(=O)NC2CC2)ccc1C,5.95979337243,[*]c1cnc2c(c1)NC(=O)C2(C)C,CHEMBL1825161,[*]c1cc(C(=O)NC2CC2)ccc1C,6.2644011003
8093,[*]c1ncc2c(n1)NC(=O)C21CCCC1,CHEMBL1825162,[*]c1cc(C(=O)NC2CC2)ccc1C,5.95979337243,[*]c1ccc2c(c1)NC(=O)C21CCC1,CHEMBL1800910,[*]c1cc(C(=O)NC2CC2)ccc1C,8.85387196432
8094,[*]c1ncc2c(n1)NC(=O)C21CCCC1,CHEMBL1825162,[*]c1cc(C(=O)NC2CC2)ccc1C,5.95979337243,[*]c1cnc2c(c1)NC(=O)C21CCCC1,CHEMBL1825158,[*]c1cc(C(=O)NC2CC2)ccc1C,7.16115090926
8095,[*]c1ncc2c(n1)NC(=O)C21CCCC1,CHEMBL1825162,[*]c1cc(C(=O)NC2CC2)ccc1C,5.95979337243,[*]c1ccc2c(c1)NC(=O)C21CCS(=O)(=O)CC1,CHEMBL1825150,[*]c1cc(C(=O)NC2CC2)ccc1C,7.12493873661
8096,[*]c1ncc2c(n1)NC(=O)C21CCCC1,CHEMBL1825162,[*]c1cc(C(=O)NC2CC2)ccc1C,5.95979337243,[*]c1ccc2c(n1)NC(=O)C21CCCC1,CHEMBL1825156,[*]c1cc(C(=O)NC2CC2)ccc1C,8.25181197299
8097,[*]c1ncc2c(n1)NC(=O)C21CCCC1,CHEMBL1825162,[*]c1cc(C(=O)NC2CC2)ccc1C,5.95979337243,[*]c1cnc2c(c1)NC(=O)C21CCOCC1,CHEMBL1825159,[*]c1cc(C(=O)NC2CC2)ccc1C,7.88605664769
8098,[*]c1ncc2c(n1)NC(=O)C21CCCC1,CHEMBL1825162,[*]c1cc(C(=O)NC2CC2)ccc1C,5.95979337243,[*]c1ccc2c(c1)NC(=O)C21CCSCC1,CHEMBL1825149,[*]c1cc(C(=O)NC2CC2)ccc1C,10.096910013
8099,[*]c1ncc2c(n1)NC(=O)C21CCCC1,CHEMBL1825162,[*]c1cc(C(=O)NC2CC2)ccc1C,5.95979337243,[*]c1ccc2c(c1)NC(=O)C2(CCO)CCO,CHEMBL1825144,[*]c1cc(C(=O)NC2CC2)ccc1C,5.34008379993
8100,[*]c1ccc2c(c1)NC(=O)C21CCC(O)CC1,CHEMBL1825152,[*]c1cc(C(=O)NC2CC2)ccc1C,7.95860731484,[*]c1cc2c(cn1)C1(CCCC1)C(=O)N2,CHEMBL1825157,[*]c1cc(C(=O)NC2CC2)ccc1C,7.19382002602
8101,[*]c1ccc2c(c1)NC(=O)C21CCC(O)CC1,CHEMBL1825152,[*]c1cc(C(=O)NC2CC2)ccc1C,7.95860731484,[*]c1ccc2c(c1)NC(=O)C21CCC(F)(F)CC1,CHEMBL1825153,[*]c1cc(C(=O)NC2CC2)ccc1C,8.7447274949
8102,[*]c1ccc2c(c1)NC(=O)C21CCC(O)CC1,CHEMBL1825152,[*]c1cc(C(=O)NC2CC2)ccc1C,7.95860731484,[*]c1ccc2c(c1)NC(=O)C21CCCC1,CHEMBL1800911,[*]c1cc(C(=O)NC2CC2)ccc1C,7.7447274949
8103,[*]c1ccc2c(c1)NC(=O)C21CCC(O)CC1,CHEMBL1825152,[*]c1cc(C(=O)NC2CC2)ccc1C,7.95860731484,[*]c1ccc2c(c1)NC(=O)C2(C)C,CHEMBL1800909,[*]c1cc(C(=O)NC2CC2)ccc1C,8.30102999566
8105,[*]c1ccc2c(c1)NC(=O)C21CCC(O)CC1,CHEMBL1825152,[*]c1cc(C(=O)NC2CC2)ccc1C,7.95860731484,[*]c1ncc2c(n1)NC(=O)C21CCCC1,CHEMBL1825162,[*]c1cc(C(=O)NC2CC2)ccc1C,5.95979337243
8106,[*]c1ccc2c(c1)NC(=O)C21CCC(O)CC1,CHEMBL1825152,[*]c1cc(C(=O)NC2CC2)ccc1C,7.95860731484,[*]c1ccc2c(c1)NC(=O)C21CCOCC1,CHEMBL1825147,[*]c1cc(C(=O)NC2CC2)ccc1C,8.78251605579
8107,[*]c1ccc2c(c1)NC(=O)C21CCC(O)CC1,CHEMBL1825152,[*]c1cc(C(=O)NC2CC2)ccc1C,7.95860731484,[*]c1cnc2c(c1)NC(=O)C21CCC(F)(F)CC1,CHEMBL1825160,[*]c1cc(C(=O)NC2CC2)ccc1C,8.63827216398
8108,[*]c1ccc2c(c1)NC(=O)C21CCC(O)CC1,CHEMBL1825152,[*]c1cc(C(=O)NC2CC2)ccc1C,7.95860731484,[*]c1ccc2c(c1)NC(=O)C21CCN(C)CC1,CHEMBL1825145,[*]c1cc(C(=O)NC2CC2)ccc1C,8.28399665637
8109,[*]c1ccc2c(c1)NC(=O)C21CCC(O)CC1,CHEMBL1825152,[*]c1cc(C(=O)NC2CC2)ccc1C,7.95860731484,[*]c1cnc2c(c1)NC(=O)C2(C)C,CHEMBL1825161,[*]c1cc(C(=O)NC2CC2)ccc1C,6.2644011003
8110,[*]c1ccc2c(c1)NC(=O)C21CCC(O)CC1,CHEMBL1825152,[*]c1cc(C(=O)NC2CC2)ccc1C,7.95860731484,[*]c1ccc2c(c1)NC(=O)C21CCC1,CHEMBL1800910,[*]c1cc(C(=O)NC2CC2)ccc1C,8.85387196432
8111,[*]c1ccc2c(c1)NC(=O)C21CCC(O)CC1,CHEMBL1825152,[*]c1cc(C(=O)NC2CC2)ccc1C,7.95860731484,[*]c1cnc2c(c1)NC(=O)C21CCCC1,CHEMBL1825158,[*]c1cc(C(=O)NC2CC2)ccc1C,7.16115090926
8112,[*]c1ccc2c(c1)NC(=O)C21CCC(O)CC1,CHEMBL1825152,[*]c1cc(C(=O)NC2CC2)ccc1C,7.95860731484,[*]c1ccc2c(c1)NC(=O)C21CCS(=O)(=O)CC1,CHEMBL1825150,[*]c1cc(C(=O)NC2CC2)ccc1C,7.12493873661
8113,[*]c1ccc2c(c1)NC(=O)C21CCC(O)CC1,CHEMBL1825152,[*]c1cc(C(=O)NC2CC2)ccc1C,7.95860731484,[*]c1ccc2c(n1)NC(=O)C21CCCC1,CHEMBL1825156,[*]c1cc(C(=O)NC2CC2)ccc1C,8.25181197299
8114,[*]c1ccc2c(c1)NC(=O)C21CCC(O)CC1,CHEMBL1825152,[*]c1cc(C(=O)NC2CC2)ccc1C,7.95860731484,[*]c1cnc2c(c1)NC(=O)C21CCOCC1,CHEMBL1825159,[*]c1cc(C(=O)NC2CC2)ccc1C,7.88605664769
8115,[*]c1ccc2c(c1)NC(=O)C21CCC(O)CC1,CHEMBL1825152,[*]c1cc(C(=O)NC2CC2)ccc1C,7.95860731484,[*]c1ccc2c(c1)NC(=O)C21CCSCC1,CHEMBL1825149,[*]c1cc(C(=O)NC2CC2)ccc1C,10.096910013
8116,[*]c1ccc2c(c1)NC(=O)C21CCC(O)CC1,CHEMBL1825152,[*]c1cc(C(=O)NC2CC2)ccc1C,7.95860731484,[*]c1ccc2c(c1)NC(=O)C2(CCO)CCO,CHEMBL1825144,[*]c1cc(C(=O)NC2CC2)ccc1C,5.34008379993
8117,[*]c1ccc2c(c1)NC(=O)C21CCOCC1,CHEMBL1825147,[*]c1cc(C(=O)NC2CC2)ccc1C,8.78251605579,[*]c1cc2c(cn1)C1(CCCC1)C(=O)N2,CHEMBL1825157,[*]c1cc(C(=O)NC2CC2)ccc1C,7.19382002602
8118,[*]c1ccc2c(c1)NC(=O)C21CCOCC1,CHEMBL1825147,[*]c1cc(C(=O)NC2CC2)ccc1C,8.78251605579,[*]c1ccc2c(c1)NC(=O)C21CCC(F)(F)CC1,CHEMBL1825153,[*]c1cc(C(=O)NC2CC2)ccc1C,8.7447274949
8119,[*]c1ccc2c(c1)NC(=O)C21CCOCC1,CHEMBL1825147,[*]c1cc(C(=O)NC2CC2)ccc1C,8.78251605579,[*]c1ccc2c(c1)NC(=O)C21CCCC1,CHEMBL1800911,[*]c1cc(C(=O)NC2CC2)ccc1C,7.7447274949
8120,[*]c1ccc2c(c1)NC(=O)C21CCOCC1,CHEMBL1825147,[*]c1cc(C(=O)NC2CC2)ccc1C,8.78251605579,[*]c1ccc2c(c1)NC(=O)C2(C)C,CHEMBL1800909,[*]c1cc(C(=O)NC2CC2)ccc1C,8.30102999566
8121,[*]c1ccc2c(c1)NC(=O)C21CCOCC1,CHEMBL1825147,[*]c1cc(C(=O)NC2CC2)ccc1C,8.78251605579,[*]c1ccc2c(c1)NC(=O)C21CCCCC1,CHEMBL1825143,[*]c1cc(C(=O)NC2CC2)ccc1C,7.95860731484
8122,[*]c1ccc2c(c1)NC(=O)C21CCOCC1,CHEMBL1825147,[*]c1cc(C(=O)NC2CC2)ccc1C,8.78251605579,[*]c1ncc2c(n1)NC(=O)C21CCCC1,CHEMBL1825162,[*]c1cc(C(=O)NC2CC2)ccc1C,5.95979337243
8123,[*]c1ccc2c(c1)NC(=O)C21CCOCC1,CHEMBL1825147,[*]c1cc(C(=O)NC2CC2)ccc1C,8.78251605579,[*]c1ccc2c(c1)NC(=O)C21CCC(O)CC1,CHEMBL1825152,[*]c1cc(C(=O)NC2CC2)ccc1C,7.95860731484
8124,[*]c1ccc2c(c1)NC(=O)C21CCOCC1,CHEMBL1825147,[*]c1cc(C(=O)NC2CC2)ccc1C,8.78251605579,[*]c1cnc2c(c1)NC(=O)C21CCC(F)(F)CC1,CHEMBL1825160,[*]c1cc(C(=O)NC2CC2)ccc1C,8.63827216398
8125,[*]c1ccc2c(c1)NC(=O)C21CCOCC1,CHEMBL1825147,[*]c1cc(C(=O)NC2CC2)ccc1C,8.78251605579,[*]c1ccc2c(c1)NC(=O)C21CCN(C)CC1,CHEMBL1825145,[*]c1cc(C(=O)NC2CC2)ccc1C,8.28399665637
8126,[*]c1ccc2c(c1)NC(=O)C21CCOCC1,CHEMBL1825147,[*]c1cc(C(=O)NC2CC2)ccc1C,8.78251605579,[*]c1cnc2c(c1)NC(=O)C2(C)C,CHEMBL1825161,[*]c1cc(C(=O)NC2CC2)ccc1C,6.2644011003
8127,[*]c1ccc2c(c1)NC(=O)C21CCOCC1,CHEMBL1825147,[*]c1cc(C(=O)NC2CC2)ccc1C,8.78251605579,[*]c1ccc2c(c1)NC(=O)C21CCC1,CHEMBL1800910,[*]c1cc(C(=O)NC2CC2)ccc1C,8.85387196432
8128,[*]c1ccc2c(c1)NC(=O)C21CCOCC1,CHEMBL1825147,[*]c1cc(C(=O)NC2CC2)ccc1C,8.78251605579,[*]c1cnc2c(c1)NC(=O)C21CCCC1,CHEMBL1825158,[*]c1cc(C(=O)NC2CC2)ccc1C,7.16115090926
8129,[*]c1ccc2c(c1)NC(=O)C21CCOCC1,CHEMBL1825147,[*]c1cc(C(=O)NC2CC2)ccc1C,8.78251605579,[*]c1ccc2c(c1)NC(=O)C21CCS(=O)(=O)CC1,CHEMBL1825150,[*]c1cc(C(=O)NC2CC2)ccc1C,7.12493873661
8130,[*]c1ccc2c(c1)NC(=O)C21CCOCC1,CHEMBL1825147,[*]c1cc(C(=O)NC2CC2)ccc1C,8.78251605579,[*]c1ccc2c(n1)NC(=O)C21CCCC1,CHEMBL1825156,[*]c1cc(C(=O)NC2CC2)ccc1C,8.25181197299
8131,[*]c1ccc2c(c1)NC(=O)C21CCOCC1,CHEMBL1825147,[*]c1cc(C(=O)NC2CC2)ccc1C,8.78251605579,[*]c1cnc2c(c1)NC(=O)C21CCOCC1,CHEMBL1825159,[*]c1cc(C(=O)NC2CC2)ccc1C,7.88605664769
8132,[*]c1ccc2c(c1)NC(=O)C21CCOCC1,CHEMBL1825147,[*]c1cc(C(=O)NC2CC2)ccc1C,8.78251605579,[*]c1ccc2c(c1)NC(=O)C21CCSCC1,CHEMBL1825149,[*]c1cc(C(=O)NC2CC2)ccc1C,10.096910013
8133,[*]c1ccc2c(c1)NC(=O)C21CCOCC1,CHEMBL1825147,[*]c1cc(C(=O)NC2CC2)ccc1C,8.78251605579,[*]c1ccc2c(c1)NC(=O)C2(CCO)CCO,CHEMBL1825144,[*]c1cc(C(=O)NC2CC2)ccc1C,5.34008379993
8134,[*]c1cnc2c(c1)NC(=O)C21CCC(F)(F)CC1,CHEMBL1825160,[*]c1cc(C(=O)NC2CC2)ccc1C,8.63827216398,[*]c1cc2c(cn1)C1(CCCC1)C(=O)N2,CHEMBL1825157,[*]c1cc(C(=O)NC2CC2)ccc1C,7.19382002602
8135,[*]c1cnc2c(c1)NC(=O)C21CCC(F)(F)CC1,CHEMBL1825160,[*]c1cc(C(=O)NC2CC2)ccc1C,8.63827216398,[*]c1ccc2c(c1)NC(=O)C21CCC(F)(F)CC1,CHEMBL1825153,[*]c1cc(C(=O)NC2CC2)ccc1C,8.7447274949
8136,[*]c1cnc2c(c1)NC(=O)C21CCC(F)(F)CC1,CHEMBL1825160,[*]c1cc(C(=O)NC2CC2)ccc1C,8.63827216398,[*]c1ccc2c(c1)NC(=O)C21CCCC1,CHEMBL1800911,[*]c1cc(C(=O)NC2CC2)ccc1C,7.7447274949
8137,[*]c1cnc2c(c1)NC(=O)C21CCC(F)(F)CC1,CHEMBL1825160,[*]c1cc(C(=O)NC2CC2)ccc1C,8.63827216398,[*]c1ccc2c(c1)NC(=O)C2(C)C,CHEMBL1800909,[*]c1cc(C(=O)NC2CC2)ccc1C,8.30102999566
8138,[*]c1cnc2c(c1)NC(=O)C21CCC(F)(F)CC1,CHEMBL1825160,[*]c1cc(C(=O)NC2CC2)ccc1C,8.63827216398,[*]c1ccc2c(c1)NC(=O)C21CCCCC1,CHEMBL1825143,[*]c1cc(C(=O)NC2CC2)ccc1C,7.95860731484
8139,[*]c1cnc2c(c1)NC(=O)C21CCC(F)(F)CC1,CHEMBL1825160,[*]c1cc(C(=O)NC2CC2)ccc1C,8.63827216398,[*]c1ncc2c(n1)NC(=O)C21CCCC1,CHEMBL1825162,[*]c1cc(C(=O)NC2CC2)ccc1C,5.95979337243
8140,[*]c1cnc2c(c1)NC(=O)C21CCC(F)(F)CC1,CHEMBL1825160,[*]c1cc(C(=O)NC2CC2)ccc1C,8.63827216398,[*]c1ccc2c(c1)NC(=O)C21CCC(O)CC1,CHEMBL1825152,[*]c1cc(C(=O)NC2CC2)ccc1C,7.95860731484
8141,[*]c1cnc2c(c1)NC(=O)C21CCC(F)(F)CC1,CHEMBL1825160,[*]c1cc(C(=O)NC2CC2)ccc1C,8.63827216398,[*]c1ccc2c(c1)NC(=O)C21CCOCC1,CHEMBL1825147,[*]c1cc(C(=O)NC2CC2)ccc1C,8.78251605579
8142,[*]c1cnc2c(c1)NC(=O)C21CCC(F)(F)CC1,CHEMBL1825160,[*]c1cc(C(=O)NC2CC2)ccc1C,8.63827216398,[*]c1ccc2c(c1)NC(=O)C21CCN(C)CC1,CHEMBL1825145,[*]c1cc(C(=O)NC2CC2)ccc1C,8.28399665637
8143,[*]c1cnc2c(c1)NC(=O)C21CCC(F)(F)CC1,CHEMBL1825160,[*]c1cc(C(=O)NC2CC2)ccc1C,8.63827216398,[*]c1cnc2c(c1)NC(=O)C2(C)C,CHEMBL1825161,[*]c1cc(C(=O)NC2CC2)ccc1C,6.2644011003
8144,[*]c1cnc2c(c1)NC(=O)C21CCC(F)(F)CC1,CHEMBL1825160,[*]c1cc(C(=O)NC2CC2)ccc1C,8.63827216398,[*]c1ccc2c(c1)NC(=O)C21CCC1,CHEMBL1800910,[*]c1cc(C(=O)NC2CC2)ccc1C,8.85387196432
8145,[*]c1cnc2c(c1)NC(=O)C21CCC(F)(F)CC1,CHEMBL1825160,[*]c1cc(C(=O)NC2CC2)ccc1C,8.63827216398,[*]c1cnc2c(c1)NC(=O)C21CCCC1,CHEMBL1825158,[*]c1cc(C(=O)NC2CC2)ccc1C,7.16115090926
8146,[*]c1cnc2c(c1)NC(=O)C21CCC(F)(F)CC1,CHEMBL1825160,[*]c1cc(C(=O)NC2CC2)ccc1C,8.63827216398,[*]c1ccc2c(c1)NC(=O)C21CCS(=O)(=O)CC1,CHEMBL1825150,[*]c1cc(C(=O)NC2CC2)ccc1C,7.12493873661
8147,[*]c1cnc2c(c1)NC(=O)C21CCC(F)(F)CC1,CHEMBL1825160,[*]c1cc(C(=O)NC2CC2)ccc1C,8.63827216398,[*]c1ccc2c(n1)NC(=O)C21CCCC1,CHEMBL1825156,[*]c1cc(C(=O)NC2CC2)ccc1C,8.25181197299
8148,[*]c1cnc2c(c1)NC(=O)C21CCC(F)(F)CC1,CHEMBL1825160,[*]c1cc(C(=O)NC2CC2)ccc1C,8.63827216398,[*]c1cnc2c(c1)NC(=O)C21CCOCC1,CHEMBL1825159,[*]c1cc(C(=O)NC2CC2)ccc1C,7.88605664769
8149,[*]c1cnc2c(c1)NC(=O)C21CCC(F)(F)CC1,CHEMBL1825160,[*]c1cc(C(=O)NC2CC2)ccc1C,8.63827216398,[*]c1ccc2c(c1)NC(=O)C21CCSCC1,CHEMBL1825149,[*]c1cc(C(=O)NC2CC2)ccc1C,10.096910013
8150,[*]c1cnc2c(c1)NC(=O)C21CCC(F)(F)CC1,CHEMBL1825160,[*]c1cc(C(=O)NC2CC2)ccc1C,8.63827216398,[*]c1ccc2c(c1)NC(=O)C2(CCO)CCO,CHEMBL1825144,[*]c1cc(C(=O)NC2CC2)ccc1C,5.34008379993
8151,[*]c1ccc2c(c1)NC(=O)C21CCN(C)CC1,CHEMBL1825145,[*]c1cc(C(=O)NC2CC2)ccc1C,8.28399665637,[*]c1cc2c(cn1)C1(CCCC1)C(=O)N2,CHEMBL1825157,[*]c1cc(C(=O)NC2CC2)ccc1C,7.19382002602
8152,[*]c1ccc2c(c1)NC(=O)C21CCN(C)CC1,CHEMBL1825145,[*]c1cc(C(=O)NC2CC2)ccc1C,8.28399665637,[*]c1ccc2c(c1)NC(=O)C21CCC(F)(F)CC1,CHEMBL1825153,[*]c1cc(C(=O)NC2CC2)ccc1C,8.7447274949
8153,[*]c1ccc2c(c1)NC(=O)C21CCN(C)CC1,CHEMBL1825145,[*]c1cc(C(=O)NC2CC2)ccc1C,8.28399665637,[*]c1ccc2c(c1)NC(=O)C21CCCC1,CHEMBL1800911,[*]c1cc(C(=O)NC2CC2)ccc1C,7.7447274949
8154,[*]c1ccc2c(c1)NC(=O)C21CCN(C)CC1,CHEMBL1825145,[*]c1cc(C(=O)NC2CC2)ccc1C,8.28399665637,[*]c1ccc2c(c1)NC(=O)C2(C)C,CHEMBL1800909,[*]c1cc(C(=O)NC2CC2)ccc1C,8.30102999566
8155,[*]c1ccc2c(c1)NC(=O)C21CCN(C)CC1,CHEMBL1825145,[*]c1cc(C(=O)NC2CC2)ccc1C,8.28399665637,[*]c1ccc2c(c1)NC(=O)C21CCCCC1,CHEMBL1825143,[*]c1cc(C(=O)NC2CC2)ccc1C,7.95860731484
8156,[*]c1ccc2c(c1)NC(=O)C21CCN(C)CC1,CHEMBL1825145,[*]c1cc(C(=O)NC2CC2)ccc1C,8.28399665637,[*]c1ncc2c(n1)NC(=O)C21CCCC1,CHEMBL1825162,[*]c1cc(C(=O)NC2CC2)ccc1C,5.95979337243
8157,[*]c1ccc2c(c1)NC(=O)C21CCN(C)CC1,CHEMBL1825145,[*]c1cc(C(=O)NC2CC2)ccc1C,8.28399665637,[*]c1ccc2c(c1)NC(=O)C21CCC(O)CC1,CHEMBL1825152,[*]c1cc(C(=O)NC2CC2)ccc1C,7.95860731484
8158,[*]c1ccc2c(c1)NC(=O)C21CCN(C)CC1,CHEMBL1825145,[*]c1cc(C(=O)NC2CC2)ccc1C,8.28399665637,[*]c1ccc2c(c1)NC(=O)C21CCOCC1,CHEMBL1825147,[*]c1cc(C(=O)NC2CC2)ccc1C,8.78251605579
8159,[*]c1ccc2c(c1)NC(=O)C21CCN(C)CC1,CHEMBL1825145,[*]c1cc(C(=O)NC2CC2)ccc1C,8.28399665637,[*]c1cnc2c(c1)NC(=O)C21CCC(F)(F)CC1,CHEMBL1825160,[*]c1cc(C(=O)NC2CC2)ccc1C,8.63827216398
8160,[*]c1ccc2c(c1)NC(=O)C21CCN(C)CC1,CHEMBL1825145,[*]c1cc(C(=O)NC2CC2)ccc1C,8.28399665637,[*]c1cnc2c(c1)NC(=O)C2(C)C,CHEMBL1825161,[*]c1cc(C(=O)NC2CC2)ccc1C,6.2644011003
8161,[*]c1ccc2c(c1)NC(=O)C21CCN(C)CC1,CHEMBL1825145,[*]c1cc(C(=O)NC2CC2)ccc1C,8.28399665637,[*]c1ccc2c(c1)NC(=O)C21CCC1,CHEMBL1800910,[*]c1cc(C(=O)NC2CC2)ccc1C,8.85387196432
8162,[*]c1ccc2c(c1)NC(=O)C21CCN(C)CC1,CHEMBL1825145,[*]c1cc(C(=O)NC2CC2)ccc1C,8.28399665637,[*]c1cnc2c(c1)NC(=O)C21CCCC1,CHEMBL1825158,[*]c1cc(C(=O)NC2CC2)ccc1C,7.16115090926
8163,[*]c1ccc2c(c1)NC(=O)C21CCN(C)CC1,CHEMBL1825145,[*]c1cc(C(=O)NC2CC2)ccc1C,8.28399665637,[*]c1ccc2c(c1)NC(=O)C21CCS(=O)(=O)CC1,CHEMBL1825150,[*]c1cc(C(=O)NC2CC2)ccc1C,7.12493873661
8164,[*]c1ccc2c(c1)NC(=O)C21CCN(C)CC1,CHEMBL1825145,[*]c1cc(C(=O)NC2CC2)ccc1C,8.28399665637,[*]c1ccc2c(n1)NC(=O)C21CCCC1,CHEMBL1825156,[*]c1cc(C(=O)NC2CC2)ccc1C,8.25181197299
8165,[*]c1ccc2c(c1)NC(=O)C21CCN(C)CC1,CHEMBL1825145,[*]c1cc(C(=O)NC2CC2)ccc1C,8.28399665637,[*]c1cnc2c(c1)NC(=O)C21CCOCC1,CHEMBL1825159,[*]c1cc(C(=O)NC2CC2)ccc1C,7.88605664769
8166,[*]c1ccc2c(c1)NC(=O)C21CCN(C)CC1,CHEMBL1825145,[*]c1cc(C(=O)NC2CC2)ccc1C,8.28399665637,[*]c1ccc2c(c1)NC(=O)C21CCSCC1,CHEMBL1825149,[*]c1cc(C(=O)NC2CC2)ccc1C,10.096910013
8167,[*]c1ccc2c(c1)NC(=O)C21CCN(C)CC1,CHEMBL1825145,[*]c1cc(C(=O)NC2CC2)ccc1C,8.28399665637,[*]c1ccc2c(c1)NC(=O)C2(CCO)CCO,CHEMBL1825144,[*]c1cc(C(=O)NC2CC2)ccc1C,5.34008379993
8168,[*]c1cnc2c(c1)NC(=O)C2(C)C,CHEMBL1825161,[*]c1cc(C(=O)NC2CC2)ccc1C,6.2644011003,[*]c1cc2c(cn1)C1(CCCC1)C(=O)N2,CHEMBL1825157,[*]c1cc(C(=O)NC2CC2)ccc1C,7.19382002602
8169,[*]c1cnc2c(c1)NC(=O)C2(C)C,CHEMBL1825161,[*]c1cc(C(=O)NC2CC2)ccc1C,6.2644011003,[*]c1ccc2c(c1)NC(=O)C21CCC(F)(F)CC1,CHEMBL1825153,[*]c1cc(C(=O)NC2CC2)ccc1C,8.7447274949
8170,[*]c1cnc2c(c1)NC(=O)C2(C)C,CHEMBL1825161,[*]c1cc(C(=O)NC2CC2)ccc1C,6.2644011003,[*]c1ccc2c(c1)NC(=O)C21CCCC1,CHEMBL1800911,[*]c1cc(C(=O)NC2CC2)ccc1C,7.7447274949
8171,[*]c1cnc2c(c1)NC(=O)C2(C)C,CHEMBL1825161,[*]c1cc(C(=O)NC2CC2)ccc1C,6.2644011003,[*]c1ccc2c(c1)NC(=O)C2(C)C,CHEMBL1800909,[*]c1cc(C(=O)NC2CC2)ccc1C,8.30102999566
8172,[*]c1cnc2c(c1)NC(=O)C2(C)C,CHEMBL1825161,[*]c1cc(C(=O)NC2CC2)ccc1C,6.2644011003,[*]c1ccc2c(c1)NC(=O)C21CCCCC1,CHEMBL1825143,[*]c1cc(C(=O)NC2CC2)ccc1C,7.95860731484
8173,[*]c1cnc2c(c1)NC(=O)C2(C)C,CHEMBL1825161,[*]c1cc(C(=O)NC2CC2)ccc1C,6.2644011003,[*]c1ncc2c(n1)NC(=O)C21CCCC1,CHEMBL1825162,[*]c1cc(C(=O)NC2CC2)ccc1C,5.95979337243
8174,[*]c1cnc2c(c1)NC(=O)C2(C)C,CHEMBL1825161,[*]c1cc(C(=O)NC2CC2)ccc1C,6.2644011003,[*]c1ccc2c(c1)NC(=O)C21CCC(O)CC1,CHEMBL1825152,[*]c1cc(C(=O)NC2CC2)ccc1C,7.95860731484
8175,[*]c1cnc2c(c1)NC(=O)C2(C)C,CHEMBL1825161,[*]c1cc(C(=O)NC2CC2)ccc1C,6.2644011003,[*]c1ccc2c(c1)NC(=O)C21CCOCC1,CHEMBL1825147,[*]c1cc(C(=O)NC2CC2)ccc1C,8.78251605579
8176,[*]c1cnc2c(c1)NC(=O)C2(C)C,CHEMBL1825161,[*]c1cc(C(=O)NC2CC2)ccc1C,6.2644011003,[*]c1cnc2c(c1)NC(=O)C21CCC(F)(F)CC1,CHEMBL1825160,[*]c1cc(C(=O)NC2CC2)ccc1C,8.63827216398
8177,[*]c1cnc2c(c1)NC(=O)C2(C)C,CHEMBL1825161,[*]c1cc(C(=O)NC2CC2)ccc1C,6.2644011003,[*]c1ccc2c(c1)NC(=O)C21CCN(C)CC1,CHEMBL1825145,[*]c1cc(C(=O)NC2CC2)ccc1C,8.28399665637
8178,[*]c1cnc2c(c1)NC(=O)C2(C)C,CHEMBL1825161,[*]c1cc(C(=O)NC2CC2)ccc1C,6.2644011003,[*]c1ccc2c(c1)NC(=O)C21CCC1,CHEMBL1800910,[*]c1cc(C(=O)NC2CC2)ccc1C,8.85387196432
8179,[*]c1cnc2c(c1)NC(=O)C2(C)C,CHEMBL1825161,[*]c1cc(C(=O)NC2CC2)ccc1C,6.2644011003,[*]c1cnc2c(c1)NC(=O)C21CCCC1,CHEMBL1825158,[*]c1cc(C(=O)NC2CC2)ccc1C,7.16115090926
8180,[*]c1cnc2c(c1)NC(=O)C2(C)C,CHEMBL1825161,[*]c1cc(C(=O)NC2CC2)ccc1C,6.2644011003,[*]c1ccc2c(c1)NC(=O)C21CCS(=O)(=O)CC1,CHEMBL1825150,[*]c1cc(C(=O)NC2CC2)ccc1C,7.12493873661
8181,[*]c1cnc2c(c1)NC(=O)C2(C)C,CHEMBL1825161,[*]c1cc(C(=O)NC2CC2)ccc1C,6.2644011003,[*]c1ccc2c(n1)NC(=O)C21CCCC1,CHEMBL1825156,[*]c1cc(C(=O)NC2CC2)ccc1C,8.25181197299
8182,[*]c1cnc2c(c1)NC(=O)C2(C)C,CHEMBL1825161,[*]c1cc(C(=O)NC2CC2)ccc1C,6.2644011003,[*]c1cnc2c(c1)NC(=O)C21CCOCC1,CHEMBL1825159,[*]c1cc(C(=O)NC2CC2)ccc1C,7.88605664769
8183,[*]c1cnc2c(c1)NC(=O)C2(C)C,CHEMBL1825161,[*]c1cc(C(=O)NC2CC2)ccc1C,6.2644011003,[*]c1ccc2c(c1)NC(=O)C21CCSCC1,CHEMBL1825149,[*]c1cc(C(=O)NC2CC2)ccc1C,10.096910013
8184,[*]c1cnc2c(c1)NC(=O)C2(C)C,CHEMBL1825161,[*]c1cc(C(=O)NC2CC2)ccc1C,6.2644011003,[*]c1ccc2c(c1)NC(=O)C2(CCO)CCO,CHEMBL1825144,[*]c1cc(C(=O)NC2CC2)ccc1C,5.34008379993
8185,[*]c1ccc2c(c1)NC(=O)C21CCC1,CHEMBL1800910,[*]c1cc(C(=O)NC2CC2)ccc1C,8.85387196432,[*]c1cc2c(cn1)C1(CCCC1)C(=O)N2,CHEMBL1825157,[*]c1cc(C(=O)NC2CC2)ccc1C,7.19382002602
8186,[*]c1ccc2c(c1)NC(=O)C21CCC1,CHEMBL1800910,[*]c1cc(C(=O)NC2CC2)ccc1C,8.85387196432,[*]c1ccc2c(c1)NC(=O)C21CCC(F)(F)CC1,CHEMBL1825153,[*]c1cc(C(=O)NC2CC2)ccc1C,8.7447274949
8187,[*]c1ccc2c(c1)NC(=O)C21CCC1,CHEMBL1800910,[*]c1cc(C(=O)NC2CC2)ccc1C,8.85387196432,[*]c1ccc2c(c1)NC(=O)C21CCCC1,CHEMBL1800911,[*]c1cc(C(=O)NC2CC2)ccc1C,7.7447274949
8188,[*]c1ccc2c(c1)NC(=O)C21CCC1,CHEMBL1800910,[*]c1cc(C(=O)NC2CC2)ccc1C,8.85387196432,[*]c1ccc2c(c1)NC(=O)C2(C)C,CHEMBL1800909,[*]c1cc(C(=O)NC2CC2)ccc1C,8.30102999566
8189,[*]c1ccc2c(c1)NC(=O)C21CCC1,CHEMBL1800910,[*]c1cc(C(=O)NC2CC2)ccc1C,8.85387196432,[*]c1ccc2c(c1)NC(=O)C21CCCCC1,CHEMBL1825143,[*]c1cc(C(=O)NC2CC2)ccc1C,7.95860731484
8190,[*]c1ccc2c(c1)NC(=O)C21CCC1,CHEMBL1800910,[*]c1cc(C(=O)NC2CC2)ccc1C,8.85387196432,[*]c1ncc2c(n1)NC(=O)C21CCCC1,CHEMBL1825162,[*]c1cc(C(=O)NC2CC2)ccc1C,5.95979337243
8191,[*]c1ccc2c(c1)NC(=O)C21CCC1,CHEMBL1800910,[*]c1cc(C(=O)NC2CC2)ccc1C,8.85387196432,[*]c1ccc2c(c1)NC(=O)C21CCC(O)CC1,CHEMBL1825152,[*]c1cc(C(=O)NC2CC2)ccc1C,7.95860731484
8192,[*]c1ccc2c(c1)NC(=O)C21CCC1,CHEMBL1800910,[*]c1cc(C(=O)NC2CC2)ccc1C,8.85387196432,[*]c1ccc2c(c1)NC(=O)C21CCOCC1,CHEMBL1825147,[*]c1cc(C(=O)NC2CC2)ccc1C,8.78251605579
8193,[*]c1ccc2c(c1)NC(=O)C21CCC1,CHEMBL1800910,[*]c1cc(C(=O)NC2CC2)ccc1C,8.85387196432,[*]c1cnc2c(c1)NC(=O)C21CCC(F)(F)CC1,CHEMBL1825160,[*]c1cc(C(=O)NC2CC2)ccc1C,8.63827216398
8194,[*]c1ccc2c(c1)NC(=O)C21CCC1,CHEMBL1800910,[*]c1cc(C(=O)NC2CC2)ccc1C,8.85387196432,[*]c1ccc2c(c1)NC(=O)C21CCN(C)CC1,CHEMBL1825145,[*]c1cc(C(=O)NC2CC2)ccc1C,8.28399665637
8195,[*]c1ccc2c(c1)NC(=O)C21CCC1,CHEMBL1800910,[*]c1cc(C(=O)NC2CC2)ccc1C,8.85387196432,[*]c1cnc2c(c1)NC(=O)C2(C)C,CHEMBL1825161,[*]c1cc(C(=O)NC2CC2)ccc1C,6.2644011003
8196,[*]c1ccc2c(c1)NC(=O)C21CCC1,CHEMBL1800910,[*]c1cc(C(=O)NC2CC2)ccc1C,8.85387196432,[*]c1cnc2c(c1)NC(=O)C21CCCC1,CHEMBL1825158,[*]c1cc(C(=O)NC2CC2)ccc1C,7.16115090926
8197,[*]c1ccc2c(c1)NC(=O)C21CCC1,CHEMBL1800910,[*]c1cc(C(=O)NC2CC2)ccc1C,8.85387196432,[*]c1ccc2c(c1)NC(=O)C21CCS(=O)(=O)CC1,CHEMBL1825150,[*]c1cc(C(=O)NC2CC2)ccc1C,7.12493873661
8198,[*]c1ccc2c(c1)NC(=O)C21CCC1,CHEMBL1800910,[*]c1cc(C(=O)NC2CC2)ccc1C,8.85387196432,[*]c1ccc2c(n1)NC(=O)C21CCCC1,CHEMBL1825156,[*]c1cc(C(=O)NC2CC2)ccc1C,8.25181197299
8199,[*]c1ccc2c(c1)NC(=O)C21CCC1,CHEMBL1800910,[*]c1cc(C(=O)NC2CC2)ccc1C,8.85387196432,[*]c1cnc2c(c1)NC(=O)C21CCOCC1,CHEMBL1825159,[*]c1cc(C(=O)NC2CC2)ccc1C,7.88605664769
8200,[*]c1ccc2c(c1)NC(=O)C21CCC1,CHEMBL1800910,[*]c1cc(C(=O)NC2CC2)ccc1C,8.85387196432,[*]c1ccc2c(c1)NC(=O)C21CCSCC1,CHEMBL1825149,[*]c1cc(C(=O)NC2CC2)ccc1C,10.096910013
8201,[*]c1ccc2c(c1)NC(=O)C21CCC1,CHEMBL1800910,[*]c1cc(C(=O)NC2CC2)ccc1C,8.85387196432,[*]c1ccc2c(c1)NC(=O)C2(CCO)CCO,CHEMBL1825144,[*]c1cc(C(=O)NC2CC2)ccc1C,5.34008379993
8202,[*]c1cnc2c(c1)NC(=O)C21CCCC1,CHEMBL1825158,[*]c1cc(C(=O)NC2CC2)ccc1C,7.16115090926,[*]c1cc2c(cn1)C1(CCCC1)C(=O)N2,CHEMBL1825157,[*]c1cc(C(=O)NC2CC2)ccc1C,7.19382002602
8203,[*]c1cnc2c(c1)NC(=O)C21CCCC1,CHEMBL1825158,[*]c1cc(C(=O)NC2CC2)ccc1C,7.16115090926,[*]c1ccc2c(c1)NC(=O)C21CCC(F)(F)CC1,CHEMBL1825153,[*]c1cc(C(=O)NC2CC2)ccc1C,8.7447274949
8204,[*]c1cnc2c(c1)NC(=O)C21CCCC1,CHEMBL1825158,[*]c1cc(C(=O)NC2CC2)ccc1C,7.16115090926,[*]c1ccc2c(c1)NC(=O)C21CCCC1,CHEMBL1800911,[*]c1cc(C(=O)NC2CC2)ccc1C,7.7447274949
8205,[*]c1cnc2c(c1)NC(=O)C21CCCC1,CHEMBL1825158,[*]c1cc(C(=O)NC2CC2)ccc1C,7.16115090926,[*]c1ccc2c(c1)NC(=O)C2(C)C,CHEMBL1800909,[*]c1cc(C(=O)NC2CC2)ccc1C,8.30102999566
8206,[*]c1cnc2c(c1)NC(=O)C21CCCC1,CHEMBL1825158,[*]c1cc(C(=O)NC2CC2)ccc1C,7.16115090926,[*]c1ccc2c(c1)NC(=O)C21CCCCC1,CHEMBL1825143,[*]c1cc(C(=O)NC2CC2)ccc1C,7.95860731484
8207,[*]c1cnc2c(c1)NC(=O)C21CCCC1,CHEMBL1825158,[*]c1cc(C(=O)NC2CC2)ccc1C,7.16115090926,[*]c1ncc2c(n1)NC(=O)C21CCCC1,CHEMBL1825162,[*]c1cc(C(=O)NC2CC2)ccc1C,5.95979337243
8208,[*]c1cnc2c(c1)NC(=O)C21CCCC1,CHEMBL1825158,[*]c1cc(C(=O)NC2CC2)ccc1C,7.16115090926,[*]c1ccc2c(c1)NC(=O)C21CCC(O)CC1,CHEMBL1825152,[*]c1cc(C(=O)NC2CC2)ccc1C,7.95860731484
8209,[*]c1cnc2c(c1)NC(=O)C21CCCC1,CHEMBL1825158,[*]c1cc(C(=O)NC2CC2)ccc1C,7.16115090926,[*]c1ccc2c(c1)NC(=O)C21CCOCC1,CHEMBL1825147,[*]c1cc(C(=O)NC2CC2)ccc1C,8.78251605579
8210,[*]c1cnc2c(c1)NC(=O)C21CCCC1,CHEMBL1825158,[*]c1cc(C(=O)NC2CC2)ccc1C,7.16115090926,[*]c1cnc2c(c1)NC(=O)C21CCC(F)(F)CC1,CHEMBL1825160,[*]c1cc(C(=O)NC2CC2)ccc1C,8.63827216398
8211,[*]c1cnc2c(c1)NC(=O)C21CCCC1,CHEMBL1825158,[*]c1cc(C(=O)NC2CC2)ccc1C,7.16115090926,[*]c1ccc2c(c1)NC(=O)C21CCN(C)CC1,CHEMBL1825145,[*]c1cc(C(=O)NC2CC2)ccc1C,8.28399665637
8212,[*]c1cnc2c(c1)NC(=O)C21CCCC1,CHEMBL1825158,[*]c1cc(C(=O)NC2CC2)ccc1C,7.16115090926,[*]c1cnc2c(c1)NC(=O)C2(C)C,CHEMBL1825161,[*]c1cc(C(=O)NC2CC2)ccc1C,6.2644011003
8213,[*]c1cnc2c(c1)NC(=O)C21CCCC1,CHEMBL1825158,[*]c1cc(C(=O)NC2CC2)ccc1C,7.16115090926,[*]c1ccc2c(c1)NC(=O)C21CCC1,CHEMBL1800910,[*]c1cc(C(=O)NC2CC2)ccc1C,8.85387196432
8214,[*]c1cnc2c(c1)NC(=O)C21CCCC1,CHEMBL1825158,[*]c1cc(C(=O)NC2CC2)ccc1C,7.16115090926,[*]c1ccc2c(c1)NC(=O)C21CCS(=O)(=O)CC1,CHEMBL1825150,[*]c1cc(C(=O)NC2CC2)ccc1C,7.12493873661
8215,[*]c1cnc2c(c1)NC(=O)C21CCCC1,CHEMBL1825158,[*]c1cc(C(=O)NC2CC2)ccc1C,7.16115090926,[*]c1ccc2c(n1)NC(=O)C21CCCC1,CHEMBL1825156,[*]c1cc(C(=O)NC2CC2)ccc1C,8.25181197299
8216,[*]c1cnc2c(c1)NC(=O)C21CCCC1,CHEMBL1825158,[*]c1cc(C(=O)NC2CC2)ccc1C,7.16115090926,[*]c1cnc2c(c1)NC(=O)C21CCOCC1,CHEMBL1825159,[*]c1cc(C(=O)NC2CC2)ccc1C,7.88605664769
8217,[*]c1cnc2c(c1)NC(=O)C21CCCC1,CHEMBL1825158,[*]c1cc(C(=O)NC2CC2)ccc1C,7.16115090926,[*]c1ccc2c(c1)NC(=O)C21CCSCC1,CHEMBL1825149,[*]c1cc(C(=O)NC2CC2)ccc1C,10.096910013
8218,[*]c1cnc2c(c1)NC(=O)C21CCCC1,CHEMBL1825158,[*]c1cc(C(=O)NC2CC2)ccc1C,7.16115090926,[*]c1ccc2c(c1)NC(=O)C2(CCO)CCO,CHEMBL1825144,[*]c1cc(C(=O)NC2CC2)ccc1C,5.34008379993
8219,[*]c1ccc2c(c1)NC(=O)C21CCS(=O)(=O)CC1,CHEMBL1825150,[*]c1cc(C(=O)NC2CC2)ccc1C,7.12493873661,[*]c1cc2c(cn1)C1(CCCC1)C(=O)N2,CHEMBL1825157,[*]c1cc(C(=O)NC2CC2)ccc1C,7.19382002602
8220,[*]c1ccc2c(c1)NC(=O)C21CCS(=O)(=O)CC1,CHEMBL1825150,[*]c1cc(C(=O)NC2CC2)ccc1C,7.12493873661,[*]c1ccc2c(c1)NC(=O)C21CCC(F)(F)CC1,CHEMBL1825153,[*]c1cc(C(=O)NC2CC2)ccc1C,8.7447274949
8221,[*]c1ccc2c(c1)NC(=O)C21CCS(=O)(=O)CC1,CHEMBL1825150,[*]c1cc(C(=O)NC2CC2)ccc1C,7.12493873661,[*]c1ccc2c(c1)NC(=O)C21CCCC1,CHEMBL1800911,[*]c1cc(C(=O)NC2CC2)ccc1C,7.7447274949
8222,[*]c1ccc2c(c1)NC(=O)C21CCS(=O)(=O)CC1,CHEMBL1825150,[*]c1cc(C(=O)NC2CC2)ccc1C,7.12493873661,[*]c1ccc2c(c1)NC(=O)C2(C)C,CHEMBL1800909,[*]c1cc(C(=O)NC2CC2)ccc1C,8.30102999566
8223,[*]c1ccc2c(c1)NC(=O)C21CCS(=O)(=O)CC1,CHEMBL1825150,[*]c1cc(C(=O)NC2CC2)ccc1C,7.12493873661,[*]c1ccc2c(c1)NC(=O)C21CCCCC1,CHEMBL1825143,[*]c1cc(C(=O)NC2CC2)ccc1C,7.95860731484
8224,[*]c1ccc2c(c1)NC(=O)C21CCS(=O)(=O)CC1,CHEMBL1825150,[*]c1cc(C(=O)NC2CC2)ccc1C,7.12493873661,[*]c1ncc2c(n1)NC(=O)C21CCCC1,CHEMBL1825162,[*]c1cc(C(=O)NC2CC2)ccc1C,5.95979337243
8225,[*]c1ccc2c(c1)NC(=O)C21CCS(=O)(=O)CC1,CHEMBL1825150,[*]c1cc(C(=O)NC2CC2)ccc1C,7.12493873661,[*]c1ccc2c(c1)NC(=O)C21CCC(O)CC1,CHEMBL1825152,[*]c1cc(C(=O)NC2CC2)ccc1C,7.95860731484
8226,[*]c1ccc2c(c1)NC(=O)C21CCS(=O)(=O)CC1,CHEMBL1825150,[*]c1cc(C(=O)NC2CC2)ccc1C,7.12493873661,[*]c1ccc2c(c1)NC(=O)C21CCOCC1,CHEMBL1825147,[*]c1cc(C(=O)NC2CC2)ccc1C,8.78251605579
8227,[*]c1ccc2c(c1)NC(=O)C21CCS(=O)(=O)CC1,CHEMBL1825150,[*]c1cc(C(=O)NC2CC2)ccc1C,7.12493873661,[*]c1cnc2c(c1)NC(=O)C21CCC(F)(F)CC1,CHEMBL1825160,[*]c1cc(C(=O)NC2CC2)ccc1C,8.63827216398
8228,[*]c1ccc2c(c1)NC(=O)C21CCS(=O)(=O)CC1,CHEMBL1825150,[*]c1cc(C(=O)NC2CC2)ccc1C,7.12493873661,[*]c1ccc2c(c1)NC(=O)C21CCN(C)CC1,CHEMBL1825145,[*]c1cc(C(=O)NC2CC2)ccc1C,8.28399665637
8229,[*]c1ccc2c(c1)NC(=O)C21CCS(=O)(=O)CC1,CHEMBL1825150,[*]c1cc(C(=O)NC2CC2)ccc1C,7.12493873661,[*]c1cnc2c(c1)NC(=O)C2(C)C,CHEMBL1825161,[*]c1cc(C(=O)NC2CC2)ccc1C,6.2644011003
8230,[*]c1ccc2c(c1)NC(=O)C21CCS(=O)(=O)CC1,CHEMBL1825150,[*]c1cc(C(=O)NC2CC2)ccc1C,7.12493873661,[*]c1ccc2c(c1)NC(=O)C21CCC1,CHEMBL1800910,[*]c1cc(C(=O)NC2CC2)ccc1C,8.85387196432
8231,[*]c1ccc2c(c1)NC(=O)C21CCS(=O)(=O)CC1,CHEMBL1825150,[*]c1cc(C(=O)NC2CC2)ccc1C,7.12493873661,[*]c1cnc2c(c1)NC(=O)C21CCCC1,CHEMBL1825158,[*]c1cc(C(=O)NC2CC2)ccc1C,7.16115090926
8232,[*]c1ccc2c(c1)NC(=O)C21CCS(=O)(=O)CC1,CHEMBL1825150,[*]c1cc(C(=O)NC2CC2)ccc1C,7.12493873661,[*]c1ccc2c(n1)NC(=O)C21CCCC1,CHEMBL1825156,[*]c1cc(C(=O)NC2CC2)ccc1C,8.25181197299
8233,[*]c1ccc2c(c1)NC(=O)C21CCS(=O)(=O)CC1,CHEMBL1825150,[*]c1cc(C(=O)NC2CC2)ccc1C,7.12493873661,[*]c1cnc2c(c1)NC(=O)C21CCOCC1,CHEMBL1825159,[*]c1cc(C(=O)NC2CC2)ccc1C,7.88605664769
8234,[*]c1ccc2c(c1)NC(=O)C21CCS(=O)(=O)CC1,CHEMBL1825150,[*]c1cc(C(=O)NC2CC2)ccc1C,7.12493873661,[*]c1ccc2c(c1)NC(=O)C21CCSCC1,CHEMBL1825149,[*]c1cc(C(=O)NC2CC2)ccc1C,10.096910013
8235,[*]c1ccc2c(c1)NC(=O)C21CCS(=O)(=O)CC1,CHEMBL1825150,[*]c1cc(C(=O)NC2CC2)ccc1C,7.12493873661,[*]c1ccc2c(c1)NC(=O)C2(CCO)CCO,CHEMBL1825144,[*]c1cc(C(=O)NC2CC2)ccc1C,5.34008379993
8236,[*]c1ccc2c(n1)NC(=O)C21CCCC1,CHEMBL1825156,[*]c1cc(C(=O)NC2CC2)ccc1C,8.25181197299,[*]c1cc2c(cn1)C1(CCCC1)C(=O)N2,CHEMBL1825157,[*]c1cc(C(=O)NC2CC2)ccc1C,7.19382002602
8237,[*]c1ccc2c(n1)NC(=O)C21CCCC1,CHEMBL1825156,[*]c1cc(C(=O)NC2CC2)ccc1C,8.25181197299,[*]c1ccc2c(c1)NC(=O)C21CCC(F)(F)CC1,CHEMBL1825153,[*]c1cc(C(=O)NC2CC2)ccc1C,8.7447274949
8238,[*]c1ccc2c(n1)NC(=O)C21CCCC1,CHEMBL1825156,[*]c1cc(C(=O)NC2CC2)ccc1C,8.25181197299,[*]c1ccc2c(c1)NC(=O)C21CCCC1,CHEMBL1800911,[*]c1cc(C(=O)NC2CC2)ccc1C,7.7447274949
8239,[*]c1ccc2c(n1)NC(=O)C21CCCC1,CHEMBL1825156,[*]c1cc(C(=O)NC2CC2)ccc1C,8.25181197299,[*]c1ccc2c(c1)NC(=O)C2(C)C,CHEMBL1800909,[*]c1cc(C(=O)NC2CC2)ccc1C,8.30102999566
8240,[*]c1ccc2c(n1)NC(=O)C21CCCC1,CHEMBL1825156,[*]c1cc(C(=O)NC2CC2)ccc1C,8.25181197299,[*]c1ccc2c(c1)NC(=O)C21CCCCC1,CHEMBL1825143,[*]c1cc(C(=O)NC2CC2)ccc1C,7.95860731484
8241,[*]c1ccc2c(n1)NC(=O)C21CCCC1,CHEMBL1825156,[*]c1cc(C(=O)NC2CC2)ccc1C,8.25181197299,[*]c1ncc2c(n1)NC(=O)C21CCCC1,CHEMBL1825162,[*]c1cc(C(=O)NC2CC2)ccc1C,5.95979337243
8242,[*]c1ccc2c(n1)NC(=O)C21CCCC1,CHEMBL1825156,[*]c1cc(C(=O)NC2CC2)ccc1C,8.25181197299,[*]c1ccc2c(c1)NC(=O)C21CCC(O)CC1,CHEMBL1825152,[*]c1cc(C(=O)NC2CC2)ccc1C,7.95860731484
8243,[*]c1ccc2c(n1)NC(=O)C21CCCC1,CHEMBL1825156,[*]c1cc(C(=O)NC2CC2)ccc1C,8.25181197299,[*]c1ccc2c(c1)NC(=O)C21CCOCC1,CHEMBL1825147,[*]c1cc(C(=O)NC2CC2)ccc1C,8.78251605579
8244,[*]c1ccc2c(n1)NC(=O)C21CCCC1,CHEMBL1825156,[*]c1cc(C(=O)NC2CC2)ccc1C,8.25181197299,[*]c1cnc2c(c1)NC(=O)C21CCC(F)(F)CC1,CHEMBL1825160,[*]c1cc(C(=O)NC2CC2)ccc1C,8.63827216398
8245,[*]c1ccc2c(n1)NC(=O)C21CCCC1,CHEMBL1825156,[*]c1cc(C(=O)NC2CC2)ccc1C,8.25181197299,[*]c1ccc2c(c1)NC(=O)C21CCN(C)CC1,CHEMBL1825145,[*]c1cc(C(=O)NC2CC2)ccc1C,8.28399665637
8246,[*]c1ccc2c(n1)NC(=O)C21CCCC1,CHEMBL1825156,[*]c1cc(C(=O)NC2CC2)ccc1C,8.25181197299,[*]c1cnc2c(c1)NC(=O)C2(C)C,CHEMBL1825161,[*]c1cc(C(=O)NC2CC2)ccc1C,6.2644011003
8247,[*]c1ccc2c(n1)NC(=O)C21CCCC1,CHEMBL1825156,[*]c1cc(C(=O)NC2CC2)ccc1C,8.25181197299,[*]c1ccc2c(c1)NC(=O)C21CCC1,CHEMBL1800910,[*]c1cc(C(=O)NC2CC2)ccc1C,8.85387196432
8248,[*]c1ccc2c(n1)NC(=O)C21CCCC1,CHEMBL1825156,[*]c1cc(C(=O)NC2CC2)ccc1C,8.25181197299,[*]c1cnc2c(c1)NC(=O)C21CCCC1,CHEMBL1825158,[*]c1cc(C(=O)NC2CC2)ccc1C,7.16115090926
8249,[*]c1ccc2c(n1)NC(=O)C21CCCC1,CHEMBL1825156,[*]c1cc(C(=O)NC2CC2)ccc1C,8.25181197299,[*]c1ccc2c(c1)NC(=O)C21CCS(=O)(=O)CC1,CHEMBL1825150,[*]c1cc(C(=O)NC2CC2)ccc1C,7.12493873661
8250,[*]c1ccc2c(n1)NC(=O)C21CCCC1,CHEMBL1825156,[*]c1cc(C(=O)NC2CC2)ccc1C,8.25181197299,[*]c1cnc2c(c1)NC(=O)C21CCOCC1,CHEMBL1825159,[*]c1cc(C(=O)NC2CC2)ccc1C,7.88605664769
8251,[*]c1ccc2c(n1)NC(=O)C21CCCC1,CHEMBL1825156,[*]c1cc(C(=O)NC2CC2)ccc1C,8.25181197299,[*]c1ccc2c(c1)NC(=O)C21CCSCC1,CHEMBL1825149,[*]c1cc(C(=O)NC2CC2)ccc1C,10.096910013
8252,[*]c1ccc2c(n1)NC(=O)C21CCCC1,CHEMBL1825156,[*]c1cc(C(=O)NC2CC2)ccc1C,8.25181197299,[*]c1ccc2c(c1)NC(=O)C2(CCO)CCO,CHEMBL1825144,[*]c1cc(C(=O)NC2CC2)ccc1C,5.34008379993
8253,[*]c1cnc2c(c1)NC(=O)C21CCOCC1,CHEMBL1825159,[*]c1cc(C(=O)NC2CC2)ccc1C,7.88605664769,[*]c1cc2c(cn1)C1(CCCC1)C(=O)N2,CHEMBL1825157,[*]c1cc(C(=O)NC2CC2)ccc1C,7.19382002602
8254,[*]c1cnc2c(c1)NC(=O)C21CCOCC1,CHEMBL1825159,[*]c1cc(C(=O)NC2CC2)ccc1C,7.88605664769,[*]c1ccc2c(c1)NC(=O)C21CCC(F)(F)CC1,CHEMBL1825153,[*]c1cc(C(=O)NC2CC2)ccc1C,8.7447274949
8255,[*]c1cnc2c(c1)NC(=O)C21CCOCC1,CHEMBL1825159,[*]c1cc(C(=O)NC2CC2)ccc1C,7.88605664769,[*]c1ccc2c(c1)NC(=O)C21CCCC1,CHEMBL1800911,[*]c1cc(C(=O)NC2CC2)ccc1C,7.7447274949
8256,[*]c1cnc2c(c1)NC(=O)C21CCOCC1,CHEMBL1825159,[*]c1cc(C(=O)NC2CC2)ccc1C,7.88605664769,[*]c1ccc2c(c1)NC(=O)C2(C)C,CHEMBL1800909,[*]c1cc(C(=O)NC2CC2)ccc1C,8.30102999566
8257,[*]c1cnc2c(c1)NC(=O)C21CCOCC1,CHEMBL1825159,[*]c1cc(C(=O)NC2CC2)ccc1C,7.88605664769,[*]c1ccc2c(c1)NC(=O)C21CCCCC1,CHEMBL1825143,[*]c1cc(C(=O)NC2CC2)ccc1C,7.95860731484
8258,[*]c1cnc2c(c1)NC(=O)C21CCOCC1,CHEMBL1825159,[*]c1cc(C(=O)NC2CC2)ccc1C,7.88605664769,[*]c1ncc2c(n1)NC(=O)C21CCCC1,CHEMBL1825162,[*]c1cc(C(=O)NC2CC2)ccc1C,5.95979337243
8259,[*]c1cnc2c(c1)NC(=O)C21CCOCC1,CHEMBL1825159,[*]c1cc(C(=O)NC2CC2)ccc1C,7.88605664769,[*]c1ccc2c(c1)NC(=O)C21CCC(O)CC1,CHEMBL1825152,[*]c1cc(C(=O)NC2CC2)ccc1C,7.95860731484
8260,[*]c1cnc2c(c1)NC(=O)C21CCOCC1,CHEMBL1825159,[*]c1cc(C(=O)NC2CC2)ccc1C,7.88605664769,[*]c1ccc2c(c1)NC(=O)C21CCOCC1,CHEMBL1825147,[*]c1cc(C(=O)NC2CC2)ccc1C,8.78251605579
8261,[*]c1cnc2c(c1)NC(=O)C21CCOCC1,CHEMBL1825159,[*]c1cc(C(=O)NC2CC2)ccc1C,7.88605664769,[*]c1cnc2c(c1)NC(=O)C21CCC(F)(F)CC1,CHEMBL1825160,[*]c1cc(C(=O)NC2CC2)ccc1C,8.63827216398
8262,[*]c1cnc2c(c1)NC(=O)C21CCOCC1,CHEMBL1825159,[*]c1cc(C(=O)NC2CC2)ccc1C,7.88605664769,[*]c1ccc2c(c1)NC(=O)C21CCN(C)CC1,CHEMBL1825145,[*]c1cc(C(=O)NC2CC2)ccc1C,8.28399665637
8263,[*]c1cnc2c(c1)NC(=O)C21CCOCC1,CHEMBL1825159,[*]c1cc(C(=O)NC2CC2)ccc1C,7.88605664769,[*]c1cnc2c(c1)NC(=O)C2(C)C,CHEMBL1825161,[*]c1cc(C(=O)NC2CC2)ccc1C,6.2644011003
8264,[*]c1cnc2c(c1)NC(=O)C21CCOCC1,CHEMBL1825159,[*]c1cc(C(=O)NC2CC2)ccc1C,7.88605664769,[*]c1ccc2c(c1)NC(=O)C21CCC1,CHEMBL1800910,[*]c1cc(C(=O)NC2CC2)ccc1C,8.85387196432
8265,[*]c1cnc2c(c1)NC(=O)C21CCOCC1,CHEMBL1825159,[*]c1cc(C(=O)NC2CC2)ccc1C,7.88605664769,[*]c1cnc2c(c1)NC(=O)C21CCCC1,CHEMBL1825158,[*]c1cc(C(=O)NC2CC2)ccc1C,7.16115090926
8266,[*]c1cnc2c(c1)NC(=O)C21CCOCC1,CHEMBL1825159,[*]c1cc(C(=O)NC2CC2)ccc1C,7.88605664769,[*]c1ccc2c(c1)NC(=O)C21CCS(=O)(=O)CC1,CHEMBL1825150,[*]c1cc(C(=O)NC2CC2)ccc1C,7.12493873661
8267,[*]c1cnc2c(c1)NC(=O)C21CCOCC1,CHEMBL1825159,[*]c1cc(C(=O)NC2CC2)ccc1C,7.88605664769,[*]c1ccc2c(n1)NC(=O)C21CCCC1,CHEMBL1825156,[*]c1cc(C(=O)NC2CC2)ccc1C,8.25181197299
8268,[*]c1cnc2c(c1)NC(=O)C21CCOCC1,CHEMBL1825159,[*]c1cc(C(=O)NC2CC2)ccc1C,7.88605664769,[*]c1ccc2c(c1)NC(=O)C21CCSCC1,CHEMBL1825149,[*]c1cc(C(=O)NC2CC2)ccc1C,10.096910013
8269,[*]c1cnc2c(c1)NC(=O)C21CCOCC1,CHEMBL1825159,[*]c1cc(C(=O)NC2CC2)ccc1C,7.88605664769,[*]c1ccc2c(c1)NC(=O)C2(CCO)CCO,CHEMBL1825144,[*]c1cc(C(=O)NC2CC2)ccc1C,5.34008379993
8270,[*]c1ccc2c(c1)NC(=O)C21CCSCC1,CHEMBL1825149,[*]c1cc(C(=O)NC2CC2)ccc1C,10.096910013,[*]c1cc2c(cn1)C1(CCCC1)C(=O)N2,CHEMBL1825157,[*]c1cc(C(=O)NC2CC2)ccc1C,7.19382002602
8271,[*]c1ccc2c(c1)NC(=O)C21CCSCC1,CHEMBL1825149,[*]c1cc(C(=O)NC2CC2)ccc1C,10.096910013,[*]c1ccc2c(c1)NC(=O)C21CCC(F)(F)CC1,CHEMBL1825153,[*]c1cc(C(=O)NC2CC2)ccc1C,8.7447274949
8272,[*]c1ccc2c(c1)NC(=O)C21CCSCC1,CHEMBL1825149,[*]c1cc(C(=O)NC2CC2)ccc1C,10.096910013,[*]c1ccc2c(c1)NC(=O)C21CCCC1,CHEMBL1800911,[*]c1cc(C(=O)NC2CC2)ccc1C,7.7447274949
8273,[*]c1ccc2c(c1)NC(=O)C21CCSCC1,CHEMBL1825149,[*]c1cc(C(=O)NC2CC2)ccc1C,10.096910013,[*]c1ccc2c(c1)NC(=O)C2(C)C,CHEMBL1800909,[*]c1cc(C(=O)NC2CC2)ccc1C,8.30102999566
8274,[*]c1ccc2c(c1)NC(=O)C21CCSCC1,CHEMBL1825149,[*]c1cc(C(=O)NC2CC2)ccc1C,10.096910013,[*]c1ccc2c(c1)NC(=O)C21CCCCC1,CHEMBL1825143,[*]c1cc(C(=O)NC2CC2)ccc1C,7.95860731484
8275,[*]c1ccc2c(c1)NC(=O)C21CCSCC1,CHEMBL1825149,[*]c1cc(C(=O)NC2CC2)ccc1C,10.096910013,[*]c1ncc2c(n1)NC(=O)C21CCCC1,CHEMBL1825162,[*]c1cc(C(=O)NC2CC2)ccc1C,5.95979337243
8276,[*]c1ccc2c(c1)NC(=O)C21CCSCC1,CHEMBL1825149,[*]c1cc(C(=O)NC2CC2)ccc1C,10.096910013,[*]c1ccc2c(c1)NC(=O)C21CCC(O)CC1,CHEMBL1825152,[*]c1cc(C(=O)NC2CC2)ccc1C,7.95860731484
8277,[*]c1ccc2c(c1)NC(=O)C21CCSCC1,CHEMBL1825149,[*]c1cc(C(=O)NC2CC2)ccc1C,10.096910013,[*]c1ccc2c(c1)NC(=O)C21CCOCC1,CHEMBL1825147,[*]c1cc(C(=O)NC2CC2)ccc1C,8.78251605579
8278,[*]c1ccc2c(c1)NC(=O)C21CCSCC1,CHEMBL1825149,[*]c1cc(C(=O)NC2CC2)ccc1C,10.096910013,[*]c1cnc2c(c1)NC(=O)C21CCC(F)(F)CC1,CHEMBL1825160,[*]c1cc(C(=O)NC2CC2)ccc1C,8.63827216398
8279,[*]c1ccc2c(c1)NC(=O)C21CCSCC1,CHEMBL1825149,[*]c1cc(C(=O)NC2CC2)ccc1C,10.096910013,[*]c1ccc2c(c1)NC(=O)C21CCN(C)CC1,CHEMBL1825145,[*]c1cc(C(=O)NC2CC2)ccc1C,8.28399665637
8280,[*]c1ccc2c(c1)NC(=O)C21CCSCC1,CHEMBL1825149,[*]c1cc(C(=O)NC2CC2)ccc1C,10.096910013,[*]c1cnc2c(c1)NC(=O)C2(C)C,CHEMBL1825161,[*]c1cc(C(=O)NC2CC2)ccc1C,6.2644011003
8281,[*]c1ccc2c(c1)NC(=O)C21CCSCC1,CHEMBL1825149,[*]c1cc(C(=O)NC2CC2)ccc1C,10.096910013,[*]c1ccc2c(c1)NC(=O)C21CCC1,CHEMBL1800910,[*]c1cc(C(=O)NC2CC2)ccc1C,8.85387196432
8282,[*]c1ccc2c(c1)NC(=O)C21CCSCC1,CHEMBL1825149,[*]c1cc(C(=O)NC2CC2)ccc1C,10.096910013,[*]c1cnc2c(c1)NC(=O)C21CCCC1,CHEMBL1825158,[*]c1cc(C(=O)NC2CC2)ccc1C,7.16115090926
8283,[*]c1ccc2c(c1)NC(=O)C21CCSCC1,CHEMBL1825149,[*]c1cc(C(=O)NC2CC2)ccc1C,10.096910013,[*]c1ccc2c(c1)NC(=O)C21CCS(=O)(=O)CC1,CHEMBL1825150,[*]c1cc(C(=O)NC2CC2)ccc1C,7.12493873661
8284,[*]c1ccc2c(c1)NC(=O)C21CCSCC1,CHEMBL1825149,[*]c1cc(C(=O)NC2CC2)ccc1C,10.096910013,[*]c1ccc2c(n1)NC(=O)C21CCCC1,CHEMBL1825156,[*]c1cc(C(=O)NC2CC2)ccc1C,8.25181197299
8285,[*]c1ccc2c(c1)NC(=O)C21CCSCC1,CHEMBL1825149,[*]c1cc(C(=O)NC2CC2)ccc1C,10.096910013,[*]c1cnc2c(c1)NC(=O)C21CCOCC1,CHEMBL1825159,[*]c1cc(C(=O)NC2CC2)ccc1C,7.88605664769
8286,[*]c1ccc2c(c1)NC(=O)C21CCSCC1,CHEMBL1825149,[*]c1cc(C(=O)NC2CC2)ccc1C,10.096910013,[*]c1ccc2c(c1)NC(=O)C2(CCO)CCO,CHEMBL1825144,[*]c1cc(C(=O)NC2CC2)ccc1C,5.34008379993
8287,[*]c1ccc2c(c1)NC(=O)C2(CCO)CCO,CHEMBL1825144,[*]c1cc(C(=O)NC2CC2)ccc1C,5.34008379993,[*]c1cc2c(cn1)C1(CCCC1)C(=O)N2,CHEMBL1825157,[*]c1cc(C(=O)NC2CC2)ccc1C,7.19382002602
8288,[*]c1ccc2c(c1)NC(=O)C2(CCO)CCO,CHEMBL1825144,[*]c1cc(C(=O)NC2CC2)ccc1C,5.34008379993,[*]c1ccc2c(c1)NC(=O)C21CCC(F)(F)CC1,CHEMBL1825153,[*]c1cc(C(=O)NC2CC2)ccc1C,8.7447274949
8289,[*]c1ccc2c(c1)NC(=O)C2(CCO)CCO,CHEMBL1825144,[*]c1cc(C(=O)NC2CC2)ccc1C,5.34008379993,[*]c1ccc2c(c1)NC(=O)C21CCCC1,CHEMBL1800911,[*]c1cc(C(=O)NC2CC2)ccc1C,7.7447274949
8290,[*]c1ccc2c(c1)NC(=O)C2(CCO)CCO,CHEMBL1825144,[*]c1cc(C(=O)NC2CC2)ccc1C,5.34008379993,[*]c1ccc2c(c1)NC(=O)C2(C)C,CHEMBL1800909,[*]c1cc(C(=O)NC2CC2)ccc1C,8.30102999566
8291,[*]c1ccc2c(c1)NC(=O)C2(CCO)CCO,CHEMBL1825144,[*]c1cc(C(=O)NC2CC2)ccc1C,5.34008379993,[*]c1ccc2c(c1)NC(=O)C21CCCCC1,CHEMBL1825143,[*]c1cc(C(=O)NC2CC2)ccc1C,7.95860731484
8292,[*]c1ccc2c(c1)NC(=O)C2(CCO)CCO,CHEMBL1825144,[*]c1cc(C(=O)NC2CC2)ccc1C,5.34008379993,[*]c1ncc2c(n1)NC(=O)C21CCCC1,CHEMBL1825162,[*]c1cc(C(=O)NC2CC2)ccc1C,5.95979337243
8293,[*]c1ccc2c(c1)NC(=O)C2(CCO)CCO,CHEMBL1825144,[*]c1cc(C(=O)NC2CC2)ccc1C,5.34008379993,[*]c1ccc2c(c1)NC(=O)C21CCC(O)CC1,CHEMBL1825152,[*]c1cc(C(=O)NC2CC2)ccc1C,7.95860731484
8294,[*]c1ccc2c(c1)NC(=O)C2(CCO)CCO,CHEMBL1825144,[*]c1cc(C(=O)NC2CC2)ccc1C,5.34008379993,[*]c1ccc2c(c1)NC(=O)C21CCOCC1,CHEMBL1825147,[*]c1cc(C(=O)NC2CC2)ccc1C,8.78251605579
8295,[*]c1ccc2c(c1)NC(=O)C2(CCO)CCO,CHEMBL1825144,[*]c1cc(C(=O)NC2CC2)ccc1C,5.34008379993,[*]c1cnc2c(c1)NC(=O)C21CCC(F)(F)CC1,CHEMBL1825160,[*]c1cc(C(=O)NC2CC2)ccc1C,8.63827216398
8296,[*]c1ccc2c(c1)NC(=O)C2(CCO)CCO,CHEMBL1825144,[*]c1cc(C(=O)NC2CC2)ccc1C,5.34008379993,[*]c1ccc2c(c1)NC(=O)C21CCN(C)CC1,CHEMBL1825145,[*]c1cc(C(=O)NC2CC2)ccc1C,8.28399665637
8297,[*]c1ccc2c(c1)NC(=O)C2(CCO)CCO,CHEMBL1825144,[*]c1cc(C(=O)NC2CC2)ccc1C,5.34008379993,[*]c1cnc2c(c1)NC(=O)C2(C)C,CHEMBL1825161,[*]c1cc(C(=O)NC2CC2)ccc1C,6.2644011003
8298,[*]c1ccc2c(c1)NC(=O)C2(CCO)CCO,CHEMBL1825144,[*]c1cc(C(=O)NC2CC2)ccc1C,5.34008379993,[*]c1ccc2c(c1)NC(=O)C21CCC1,CHEMBL1800910,[*]c1cc(C(=O)NC2CC2)ccc1C,8.85387196432
8299,[*]c1ccc2c(c1)NC(=O)C2(CCO)CCO,CHEMBL1825144,[*]c1cc(C(=O)NC2CC2)ccc1C,5.34008379993,[*]c1cnc2c(c1)NC(=O)C21CCCC1,CHEMBL1825158,[*]c1cc(C(=O)NC2CC2)ccc1C,7.16115090926
8300,[*]c1ccc2c(c1)NC(=O)C2(CCO)CCO,CHEMBL1825144,[*]c1cc(C(=O)NC2CC2)ccc1C,5.34008379993,[*]c1ccc2c(c1)NC(=O)C21CCS(=O)(=O)CC1,CHEMBL1825150,[*]c1cc(C(=O)NC2CC2)ccc1C,7.12493873661
8301,[*]c1ccc2c(c1)NC(=O)C2(CCO)CCO,CHEMBL1825144,[*]c1cc(C(=O)NC2CC2)ccc1C,5.34008379993,[*]c1ccc2c(n1)NC(=O)C21CCCC1,CHEMBL1825156,[*]c1cc(C(=O)NC2CC2)ccc1C,8.25181197299
8302,[*]c1ccc2c(c1)NC(=O)C2(CCO)CCO,CHEMBL1825144,[*]c1cc(C(=O)NC2CC2)ccc1C,5.34008379993,[*]c1cnc2c(c1)NC(=O)C21CCOCC1,CHEMBL1825159,[*]c1cc(C(=O)NC2CC2)ccc1C,7.88605664769
8303,[*]c1ccc2c(c1)NC(=O)C2(CCO)CCO,CHEMBL1825144,[*]c1cc(C(=O)NC2CC2)ccc1C,5.34008379993,[*]c1ccc2c(c1)NC(=O)C21CCSCC1,CHEMBL1825149,[*]c1cc(C(=O)NC2CC2)ccc1C,10.096910013
8348,[*]c1ccc2c(c1)CCc1ccccc1C2=O,CHEMBL2182102,[*]Nc1cccc(NC(=O)c2cccc(C(F)(F)F)c2)c1,6.01322826573,[*]c1ccc2c(c1)CCCCC2=O,CHEMBL2177207,[*]Nc1cccc(NC(=O)c2cccc(C(F)(F)F)c2)c1,5.31875876262
8349,[*]c1ccc2c(c1)CCCCC2=O,CHEMBL2177207,[*]Nc1cccc(NC(=O)c2cccc(C(F)(F)F)c2)c1,5.31875876262,[*]c1ccc2c(c1)CCc1ccccc1C2=O,CHEMBL2182102,[*]Nc1cccc(NC(=O)c2cccc(C(F)(F)F)c2)c1,6.01322826573
8354,[*]c1cc2cnn([*])c2n(C)c1=O,CHEMBL1091930,[*]c1c(F)cccc1F.[*]c1cc(C(N)=O)ccc1C,8.52287874528,[*]c1cc2cnnc([*])c2n(C)c1=O,CHEMBL1255074,[*]c1cc(C(N)=O)ccc1C.[*]c1ccc(F)cc1F,8.56863623584
8355,[*]c1cc2cnnc([*])c2n(C)c1=O,CHEMBL1255074,[*]c1cc(C(N)=O)ccc1C.[*]c1ccc(F)cc1F,8.56863623584,[*]c1cc2cnn([*])c2n(C)c1=O,CHEMBL1091930,[*]c1c(F)cccc1F.[*]c1cc(C(N)=O)ccc1C,8.52287874528
8390,[*]c1ccc2c(c1)CCCCC2=O,CHEMBL2182084,[*]Nc1ccc(F)c(NC(=O)c2ccsc2)c1,7.76955107862,[*]c1ccc2c(c1)OCc1ccccc1C2=O,CHEMBL2182089,[*]Nc1ccc(F)c(NC(=O)c2ccsc2)c1,8
8391,[*]c1ccc2c(c1)OCc1ccccc1C2=O,CHEMBL2182089,[*]Nc1ccc(F)c(NC(=O)c2ccsc2)c1,8,[*]c1ccc2c(c1)CCCCC2=O,CHEMBL2182084,[*]Nc1ccc(F)c(NC(=O)c2ccsc2)c1,7.76955107862
8410,[*]c1cc(=O)n(C)c2c1cnn2[*],CHEMBL562736,[*]Nc1ccc(F)cc1F.[*]c1ccc(F)cc1F,6,[*]c1cc2cnnc([*])c2n(C)c1=O,CHEMBL1254075,[*]Nc1ccc(F)cc1F.[*]c1ccc(F)cc1F,9.04575749056
8411,[*]c1cc2cnnc([*])c2n(C)c1=O,CHEMBL1254075,[*]Nc1ccc(F)cc1F.[*]c1ccc(F)cc1F,9.04575749056,[*]c1cc(=O)n(C)c2c1cnn2[*],CHEMBL562736,[*]Nc1ccc(F)cc1F.[*]c1ccc(F)cc1F,6
8436,[*]c1ccc2nc(C)n([*])c(=O)c2c1,CHEMBL2031223,[*]N1CCN(C)CC1.[*]c1cc(NC(=O)c2ccccc2)ccc1C,5.47000020012,[*]c1ccc2ncn([*])c(=O)c2c1,CHEMBL2031222,[*]N1CCN(C)CC1.[*]c1cc(NC(=O)c2ccccc2)ccc1C,7.51999305704
8437,[*]c1ccc2ncn([*])c(=O)c2c1,CHEMBL2031222,[*]N1CCN(C)CC1.[*]c1cc(NC(=O)c2ccccc2)ccc1C,7.51999305704,[*]c1ccc2nc(C)n([*])c(=O)c2c1,CHEMBL2031223,[*]N1CCN(C)CC1.[*]c1cc(NC(=O)c2ccccc2)ccc1C,5.47000020012
